OTUs;Kingdom;Phylum;Class;Order;Family;Genus;A;B;C;D;E;F;G;H;I;J;K;L;M;N
98_1008;Bacteria;Proteobacteria;Gammaproteobacteria;Enterobacterales;Enterobacteriaceae;Enterobacter;0;0;1;0;0;0;1;0;0;0;0;0;0;0
98_1008;Bacteria;Proteobacteria;Gammaproteobacteria;Enterobacterales;Enterobacteriaceae;NA;0;2;0;0;0;1;0;0;0;0;0;1;0;1
98_10123;Eukaryota;Ascomycota;Sordariomycetes;Hypocreales;Ophiocordycipitaceae;Ophiocordyceps;0;1;0;0;0;0;0;0;1;0;0;2;0;0
98_10123;Eukaryota;Ascomycota;Sordariomycetes;Hypocreales;NA;NA;0;0;0;1;0;0;0;1;0;0;0;0;0;0
98_10159;Eukaryota;Ascomycota;Saccharomycetes;Saccharomycetales;Dipodascaceae;Geotrichum;4;4;15;14;3;12;4;7;3;0;3;6;3;2
98_103405;Bacteria;Proteobacteria;Gammaproteobacteria;Enterobacterales;Erwiniaceae;NA;2;4;1;0;4;2;2;0;0;1;0;0;0;0
98_103405;Bacteria;Proteobacteria;Gammaproteobacteria;Enterobacterales;NA;NA;5;8;3;5;4;3;2;2;1;3;0;0;1;0
98_10363;Eukaryota;Ascomycota;Saccharomycetes;Saccharomycetales;Saccharomycetaceae;Eremothecium;0;0;0;0;0;0;0;0;1;0;0;2;0;1
98_10363;Eukaryota;Ascomycota;Saccharomycetes;Saccharomycetales;Saccharomycetaceae;NA;2;1;1;1;1;0;0;0;2;1;0;1;0;1
98_1059;Bacteria;Proteobacteria;Alphaproteobacteria;Rhodospirillales;Acetobacteraceae;Gluconobacter;237;417;600;315;419;440;103;66;60;169;15;24;3;14
98_1060;Bacteria;Proteobacteria;Alphaproteobacteria;Rhodospirillales;Acetobacteraceae;Acetobacter;18;22;450;168;226;161;237;188;292;346;380;126;153;155
98_106600;Bacteria;Proteobacteria;Gammaproteobacteria;Enterobacterales;NA;NA;4;1;1;0;0;2;0;0;0;0;0;0;0;0
98_106742;Bacteria;Proteobacteria;Gammaproteobacteria;Enterobacterales;Erwiniaceae;Pantoea;2;0;1;3;0;1;0;0;1;1;0;0;0;0
98_106742;Bacteria;Proteobacteria;Gammaproteobacteria;Enterobacterales;Erwiniaceae;NA;0;0;1;0;1;0;0;0;3;0;0;0;0;0
98_106742;Bacteria;Proteobacteria;Gammaproteobacteria;Enterobacterales;NA;NA;3;3;0;2;0;5;0;0;0;0;0;1;0;1
98_10796;Eukaryota;NA;NA;NA;NA;NA;0;0;0;0;0;0;0;0;1;1;0;0;0;0
98_1088;Bacteria;Proteobacteria;Alphaproteobacteria;Rhodospirillales;Acetobacteraceae;Acetobacter;2;27;1492;701;740;776;461;397;521;335;266;94;43;153
98_109;Bacteria;Proteobacteria;Gammaproteobacteria;Alteromonadales;Alteromonadaceae;Alishewanella;3;4;1;5;9;7;0;0;0;10;1;0;0;1
98_109;Bacteria;Proteobacteria;Gammaproteobacteria;Alteromonadales;NA;NA;0;0;0;0;1;5;0;0;0;0;0;0;0;0
98_109;Bacteria;Proteobacteria;Gammaproteobacteria;NA;NA;NA;2;2;0;0;2;1;0;1;0;3;1;1;0;0
98_110712;Bacteria;Proteobacteria;Gammaproteobacteria;Aeromonadales;Aeromonadaceae;Aeromonas;1;0;0;0;2;2;0;0;0;1;0;0;0;0
98_111373;Bacteria;Firmicutes;Bacilli;Bacillales;Bacillaceae;Bacillus;3;2;0;0;5;0;0;0;0;0;0;0;0;0
98_11145;Eukaryota;Ascomycota;Saccharomycetes;Saccharomycetales;Diutina;Diutina;0;0;0;1;0;0;0;1;3;0;0;0;0;0
98_112299;Bacteria;Proteobacteria;Alphaproteobacteria;Rhodospirillales;Acetobacteraceae;Gluconobacter;1;2;10;1;2;2;1;1;0;0;2;0;0;1
98_113231;Bacteria;Proteobacteria;Gammaproteobacteria;Enterobacterales;Erwiniaceae;NA;0;5;1;0;0;2;0;0;0;1;0;0;0;0
98_113231;Bacteria;Proteobacteria;Gammaproteobacteria;Enterobacterales;NA;NA;1;1;0;0;0;0;0;0;0;0;0;0;0;0
98_113300;Bacteria;Proteobacteria;Gammaproteobacteria;Pseudomonadales;Pseudomonadaceae;Pseudomonas;1;6;0;0;2;2;0;0;0;3;1;0;0;1
98_11388;Eukaryota;Ascomycota;Sordariomycetes;Hypocreales;NA;NA;0;2;0;1;0;1;0;0;0;0;0;0;0;0
98_114117;Bacteria;Proteobacteria;Gammaproteobacteria;Enterobacterales;Enterobacteriaceae;NA;0;0;0;0;0;0;0;2;0;0;0;0;0;0
98_114293;Bacteria;Proteobacteria;Alphaproteobacteria;Rhodospirillales;Acetobacteraceae;NA;1;8;6;3;5;16;3;5;13;15;9;6;7;5
98_11431;Eukaryota;Ascomycota;Saccharomycetes;Saccharomycetales;Pichiaceae;Pichia;18;85;96;81;24;67;5;21;5;27;1;8;0;8
98_11442;Eukaryota;Ascomycota;Saccharomycetes;Saccharomycetales;Ascoideaceae;Ascoidea;0;0;0;0;0;0;0;0;3;0;0;0;0;0
98_115240;Bacteria;Proteobacteria;Gammaproteobacteria;Enterobacterales;Enterobacteriaceae;NA;5;1;2;0;0;2;0;0;1;1;0;0;0;0
98_115917;Bacteria;Proteobacteria;Gammaproteobacteria;Enterobacterales;Erwiniaceae;NA;0;0;2;0;0;0;0;0;0;0;0;0;0;0
98_115917;Bacteria;Proteobacteria;Gammaproteobacteria;Enterobacterales;NA;NA;1;1;0;1;1;0;0;0;0;0;0;0;0;0
98_116158;Bacteria;Proteobacteria;Alphaproteobacteria;Rhodospirillales;Acetobacteraceae;NA;1;1;0;0;1;0;0;0;0;0;0;0;0;0
98_11702;Bacteria;Proteobacteria;Gammaproteobacteria;Xanthomonadales;Rhodanobacteraceae;NA;4;3;3;1;4;6;0;0;1;1;1;0;0;0
98_11778;Eukaryota;Zoopagomycota;Entomophthoromycetes;Entomophthorales;Ancylistaceae;Conidiobolus;1;1;1;0;0;0;2;2;5;0;0;0;0;0
98_11779;Eukaryota;Zoopagomycota;Entomophthoromycetes;Entomophthorales;Ancylistaceae;Conidiobolus;6;0;2;1;0;1;1;3;0;0;0;0;0;0
98_118972;Bacteria;Proteobacteria;Alphaproteobacteria;Rhodospirillales;Acetobacteraceae;NA;1;0;3;1;3;0;6;14;12;17;22;23;22;17
98_1195;Bacteria;Proteobacteria;Gammaproteobacteria;Enterobacterales;Enterobacteriaceae;Salmonella;3;4;0;1;0;6;0;0;0;0;0;0;0;0
98_1195;Bacteria;Proteobacteria;Gammaproteobacteria;Enterobacterales;Enterobacteriaceae;NA;0;3;0;0;0;1;0;0;0;0;0;0;0;0
98_120;Eukaryota;Ascomycota;Saccharomycetes;Saccharomycetales;Saccharomycetaceae;Eremothecium;48;67;73;36;23;63;23;34;29;23;10;17;1;5
98_121;Eukaryota;Mucoromycota;Mucorales;Mucorales;Mucoraceae;Amylomyces;35;7;8;0;12;5;0;0;0;3;0;0;0;0
98_121;Eukaryota;Mucoromycota;Mucorales;Mucorales;Mucoraceae;NA;331;30;32;6;75;23;3;4;1;11;3;4;0;2
98_123;Eukaryota;NA;NA;NA;NA;NA;0;0;0;3;0;0;0;0;0;0;0;0;0;0
98_124169;Bacteria;Firmicutes;Bacilli;Lactobacillales;Lactobacillaceae;Lactobacillus;0;0;0;0;0;0;0;0;0;0;8;2;13;3
98_1245;Eukaryota;NA;NA;NA;NA;NA;12;4;3;1;2;3;1;4;1;0;2;0;1;0
98_12538;Eukaryota;Ascomycota;Saccharomycetes;Saccharomycetales;NA;NA;1;0;0;0;0;1;0;0;0;3;0;0;0;0
98_1261;Bacteria;Proteobacteria;Betaproteobacteria;Burkholderiales;Sutterellaceae;NA;1;1;1;1;2;0;0;0;0;1;0;0;0;0
98_1261;Bacteria;Proteobacteria;Betaproteobacteria;Burkholderiales;NA;NA;1;3;1;0;0;2;0;1;0;0;0;1;0;0
98_126963;Bacteria;Proteobacteria;Gammaproteobacteria;Enterobacterales;Erwiniaceae;NA;2;5;2;1;4;4;0;2;0;5;0;3;0;0
98_12724;Eukaryota;Ascomycota;Saccharomycetes;Saccharomycetales;Starmerella;Starmerella;106;98;102;49;57;101;22;43;54;24;25;30;1;16
98_128123;Bacteria;Proteobacteria;Gammaproteobacteria;Xanthomonadales;NA;NA;0;0;0;0;0;2;0;0;0;0;0;0;0;0
98_129066;Bacteria;Proteobacteria;Gammaproteobacteria;Enterobacterales;Enterobacteriaceae;NA;2;4;2;1;1;2;0;0;0;2;0;1;0;2
98_129763;Bacteria;Proteobacteria;Gammaproteobacteria;Enterobacterales;Enterobacteriaceae;NA;1;4;1;0;1;2;0;1;0;0;0;0;0;1
98_130092;Bacteria;Bacteroidetes;Flavobacteriia;Flavobacteriales;Flavobacteriaceae;Flavobacterium;6;1;1;0;2;0;0;0;0;0;1;0;0;0
98_130096;Bacteria;Bacteroidetes;Flavobacteriia;Flavobacteriales;Flavobacteriaceae;Flavobacterium;73;6;9;8;11;3;0;0;1;0;13;0;4;1
98_131;Eukaryota;Ascomycota;Eurotiomycetes;Eurotiales;Aspergillaceae;Penicillium;1;0;1;0;0;1;0;0;1;0;0;1;0;0
98_131;Eukaryota;Ascomycota;Eurotiomycetes;Eurotiales;Aspergillaceae;NA;105;75;32;42;44;19;17;0;2;4;2;2;0;4
98_131;Eukaryota;Ascomycota;Eurotiomycetes;Eurotiales;NA;NA;2;4;1;2;2;0;0;0;0;0;0;0;0;0
98_133043;Eukaryota;Ascomycota;Eurotiomycetes;Eurotiales;Aspergillaceae;Aspergillus;9;0;0;0;0;0;0;0;0;0;0;0;0;0
98_133187;Bacteria;Proteobacteria;Gammaproteobacteria;Enterobacterales;Erwiniaceae;NA;1;1;0;1;0;0;0;1;0;0;0;0;0;0
98_134;Bacteria;Proteobacteria;Gammaproteobacteria;Enterobacterales;Yersiniaceae;Yersinia;0;0;2;0;1;0;0;0;0;0;0;0;0;0
98_134981;Bacteria;Proteobacteria;Gammaproteobacteria;Enterobacterales;Enterobacteriaceae;NA;6;6;2;1;0;6;0;2;0;1;0;0;0;2
98_134981;Bacteria;Proteobacteria;Gammaproteobacteria;Enterobacterales;NA;NA;0;6;0;4;3;2;0;0;0;1;0;0;0;0
98_135;Bacteria;Proteobacteria;Gammaproteobacteria;Enterobacterales;Yersiniaceae;Yersinia;0;10;0;0;0;1;0;0;0;0;0;0;0;0
98_13577;Eukaryota;NA;NA;NA;NA;NA;21;10;11;5;8;13;8;8;2;1;1;1;2;4
98_136;Bacteria;Firmicutes;Bacilli;Lactobacillales;Lactobacillaceae;Lactobacillus;0;1;0;0;44;26;0;0;1;9;767;151;1145;104
98_137040;Bacteria;Proteobacteria;Alphaproteobacteria;Rhodospirillales;Acetobacteraceae;Gluconobacter;8;10;21;12;16;16;3;9;1;7;0;3;0;0
98_13710;Eukaryota;Ascomycota;Saccharomycetes;Saccharomycetales;Saccharomycopsidaceae;Saccharomycopsis;1;1;1;0;1;1;0;0;0;0;0;0;0;0
98_13713;Eukaryota;Ascomycota;Saccharomycetes;Saccharomycetales;Pichiaceae;Martiniozyma;1;0;0;0;0;1;0;5;0;0;0;0;0;0
98_1372;Eukaryota;Basidiomycota;Tremellomycetes;Tremellales;NA;NA;0;0;0;0;2;0;0;0;0;0;0;0;0;0
98_138204;Bacteria;Proteobacteria;Gammaproteobacteria;Enterobacterales;Erwiniaceae;NA;0;0;2;0;1;0;0;0;0;0;0;0;0;0
98_138208;Bacteria;Proteobacteria;Gammaproteobacteria;Enterobacterales;Enterobacteriaceae;NA;7;18;6;4;11;8;0;2;0;4;0;2;0;0
98_138787;Bacteria;Proteobacteria;Gammaproteobacteria;Oceanospirillales;NA;NA;2;0;0;0;1;0;0;0;0;0;0;0;0;0
98_13930;Eukaryota;NA;NA;NA;NA;NA;5;2;2;1;0;1;0;0;0;0;1;0;0;0
98_13954;Bacteria;Proteobacteria;Alphaproteobacteria;Rhodospirillales;Acetobacteraceae;Acetobacter;0;0;0;0;0;0;0;0;2;0;0;0;0;0
98_13954;Bacteria;Proteobacteria;Alphaproteobacteria;Rhodospirillales;Acetobacteraceae;Gluconacetobacter;0;0;2;0;0;2;0;0;0;0;0;0;0;0
98_13954;Bacteria;Proteobacteria;Alphaproteobacteria;Rhodospirillales;Acetobacteraceae;NA;0;0;2;0;1;0;0;2;2;1;0;1;0;0
98_13955;Bacteria;Proteobacteria;Alphaproteobacteria;Rhodospirillales;Acetobacteraceae;NA;3;1;7;0;4;7;2;4;4;2;4;2;0;2
98_13956;Bacteria;Proteobacteria;Alphaproteobacteria;Rhodospirillales;Acetobacteraceae;Gluconacetobacter;2;3;9;2;7;16;13;26;20;29;43;22;31;30
98_13956;Bacteria;Proteobacteria;Alphaproteobacteria;Rhodospirillales;Acetobacteraceae;NA;7;3;68;35;47;33;53;87;60;102;140;78;87;90
98_13956;Eukaryota;Basidiomycota;Agaricomycetes;Polyporales;Coriolaceae;Trametes;0;1;4;0;1;1;0;0;1;1;0;0;0;0
98_13956;Eukaryota;Basidiomycota;Agaricomycetes;Polyporales;NA;NA;1;1;0;0;0;0;0;0;0;0;0;0;0;0
98_14;Eukaryota;Ascomycota;Dothideomycetes;Botryosphaeriales;Phyllostictaceae;Phyllosticta;59;18;29;10;9;12;5;3;2;11;3;1;0;59
98_14;Eukaryota;Ascomycota;Dothideomycetes;Dothideales;Aureobasidiaceae;Aureobasidium;1;0;0;1;0;0;0;0;0;0;0;0;0;0
98_14;Eukaryota;Ascomycota;Dothideomycetes;NA;NA;NA;15;5;6;1;3;2;0;0;0;1;0;0;0;4
98_14;Eukaryota;Ascomycota;NA;NA;NA;NA;1;3;3;0;0;0;0;1;0;1;0;0;0;3
98_1403;Bacteria;Proteobacteria;Alphaproteobacteria;Sphingomonadales;Sphingomonadaceae;NA;0;0;0;0;2;0;0;0;0;0;0;0;0;0
98_14056;Eukaryota;Basidiomycota;Tremellomycetes;Cystofilobasidiales;Mrakiaceae;NA;1;2;0;0;0;3;0;0;0;0;0;0;0;0
98_14268;Eukaryota;Mucoromycota;Mucorales;Mucorales;Pilobolaceae;Utharomyces;0;0;0;0;0;0;0;2;0;0;0;0;0;0
98_14397;Eukaryota;Ascomycota;Saccharomycetes;Saccharomycetales;Pichiaceae;Pichia;15;57;22;31;5;52;1;1;0;31;0;20;0;5
98_144493;Bacteria;Proteobacteria;Gammaproteobacteria;Xanthomonadales;Rhodanobacteraceae;NA;0;0;1;0;1;0;0;0;0;0;0;0;0;0
98_144493;Bacteria;Proteobacteria;Gammaproteobacteria;Xanthomonadales;NA;NA;2;1;0;0;1;0;0;0;0;0;0;0;0;0
98_14502;Eukaryota;Chlorophyta;Chlorophyceae;Chlamydomonadales;NA;NA;1;0;0;0;1;0;0;0;0;0;0;0;0;0
98_14502;Eukaryota;Chlorophyta;Chlorophyceae;NA;NA;NA;0;0;1;0;3;0;0;0;0;2;0;0;0;0
98_145417;Bacteria;Proteobacteria;Gammaproteobacteria;Enterobacterales;Erwiniaceae;NA;0;1;1;2;0;0;0;0;0;0;0;1;0;0
98_145418;Bacteria;Proteobacteria;Gammaproteobacteria;Enterobacterales;Erwiniaceae;Pantoea;0;0;0;0;0;0;0;1;0;1;0;0;0;0
98_14556;Eukaryota;Ascomycota;Saccharomycetes;Saccharomycetales;Starmerella;Starmerella;1;1;0;0;0;0;0;0;0;0;0;0;0;0
98_1464;Eukaryota;Mucoromycota;Mucorales;Mucorales;Rhizopodaceae;NA;1294;119;160;36;478;122;5;8;11;41;12;13;0;13
98_1464;Eukaryota;Mucoromycota;Mucorales;Mucorales;NA;NA;824;68;94;15;286;71;2;7;7;26;6;9;1;10
98_146887;Bacteria;Proteobacteria;Alphaproteobacteria;Rhodospirillales;Acetobacteraceae;NA;1;0;39;27;40;39;29;38;31;55;95;41;47;50
98_147483;Bacteria;Firmicutes;Clostridia;Clostridiales;Clostridiaceae;NA;0;2;1;0;0;1;0;0;0;1;0;0;0;0
98_14803;Eukaryota;Ascomycota;Saccharomycetes;Saccharomycetales;Saccharomycopsidaceae;Saccharomycopsis;16;36;27;24;13;23;5;7;1;7;4;8;0;7
98_1500;Bacteria;Bacteroidetes;Bacteroidia;Bacteroidales;Tannerellaceae;Parabacteroides;0;0;0;0;0;0;1;2;2;0;0;0;0;0
98_1506;Bacteria;Proteobacteria;Gammaproteobacteria;Enterobacterales;Pectobacteriaceae;Dickeya;0;2;0;2;0;1;0;0;0;0;0;0;0;0
98_1506;Bacteria;Proteobacteria;Gammaproteobacteria;Enterobacterales;Pectobacteriaceae;NA;3;5;0;2;1;4;0;2;0;0;0;1;0;1
98_1506;Bacteria;Proteobacteria;Gammaproteobacteria;Enterobacterales;NA;NA;0;5;0;0;1;3;0;0;0;0;0;0;0;1
98_153150;Bacteria;Proteobacteria;Gammaproteobacteria;Enterobacterales;NA;NA;2;0;0;0;0;0;0;0;0;0;0;0;0;0
98_153699;Bacteria;Proteobacteria;Gammaproteobacteria;Enterobacterales;Yersiniaceae;NA;3;0;2;2;2;3;0;0;0;1;0;0;0;0
98_153699;Bacteria;Proteobacteria;Gammaproteobacteria;Enterobacterales;NA;NA;0;1;0;0;0;0;0;1;0;1;0;0;0;0
98_1540;Eukaryota;Cryptophyta;Cryptophyta;Cryptomonadales;Hemiselmidaceae;NA;1;0;0;0;2;0;0;0;0;1;0;0;0;0
98_154039;Bacteria;Proteobacteria;Gammaproteobacteria;Legionellales;Legionellaceae;NA;0;0;0;0;0;2;0;0;0;0;0;0;0;0
98_154595;Bacteria;Proteobacteria;Gammaproteobacteria;Enterobacterales;Morganellaceae;NA;9;21;8;9;6;17;0;0;1;6;1;0;0;1
98_154595;Bacteria;Proteobacteria;Gammaproteobacteria;Enterobacterales;NA;NA;3;6;2;2;1;5;1;0;0;2;0;0;0;0
98_1551;Bacteria;Proteobacteria;Gammaproteobacteria;Enterobacterales;NA;NA;0;0;1;0;0;2;0;0;0;0;0;0;0;0
98_155938;Bacteria;Firmicutes;Bacilli;Bacillales;Bacillaceae;Bacillus;0;0;0;0;0;0;0;0;0;0;0;0;2;0
98_157;Eukaryota;Ascomycota;Dothideomycetes;NA;NA;NA;0;0;0;1;0;1;0;0;0;0;0;0;0;0
98_1578;Bacteria;Proteobacteria;Gammaproteobacteria;Pseudomonadales;Pseudomonadaceae;Pseudomonas;1;2;0;0;0;0;0;0;0;0;0;0;0;0
98_15788;Eukaryota;Ascomycota;Dothideomycetes;Botryosphaeriales;Phyllostictaceae;Phyllosticta;3;7;3;0;4;3;1;0;1;1;1;0;0;3
98_15788;Eukaryota;Ascomycota;Dothideomycetes;NA;NA;NA;10;9;3;1;4;2;3;0;1;0;1;0;0;0
98_15857;Eukaryota;Mucoromycota;Mucorales;Mucorales;Cunninghamellaceae;Cunninghamella;17;0;5;0;5;4;0;0;0;0;0;0;0;0
98_159;Eukaryota;Ascomycota;Dothideomycetes;NA;NA;NA;5;2;0;1;1;0;0;3;0;0;0;0;0;3
98_15911;Eukaryota;Ascomycota;NA;NA;NA;NA;1;1;0;0;0;0;0;0;0;0;0;0;0;0
98_159404;Bacteria;NA;NA;NA;NA;NA;1;0;0;0;0;0;0;3;2;0;0;0;0;0
98_1605;Bacteria;Proteobacteria;Gammaproteobacteria;Enterobacterales;Morganellaceae;Xenorhabdus;3;0;0;0;1;0;0;0;0;0;0;0;0;0
98_161;Bacteria;Proteobacteria;Gammaproteobacteria;Pasteurellales;Pasteurellaceae;Mannheimia;1;1;0;0;0;0;0;0;0;0;0;0;0;0
98_163840;Bacteria;NA;NA;NA;NA;NA;2;1;7;1;6;4;0;0;0;4;1;3;0;0
98_16387;Eukaryota;Ascomycota;Saccharomycetes;Saccharomycetales;Saccharomycopsidaceae;Saccharomycopsis;23;7;5;0;10;9;0;0;3;6;1;0;0;0
98_1639;Eukaryota;Basidiomycota;Microbotryomycetes;Sporidiobolales;Sporidiobolaceae;Rhodotorula;31;32;28;15;12;19;7;11;10;13;7;14;1;6
98_1639;Eukaryota;NA;NA;NA;NA;NA;23;29;33;16;9;27;10;8;15;18;13;6;0;5
98_1641;Eukaryota;Mucoromycota;Mucorales;Mucorales;Mucoraceae;NA;93;6;9;4;15;3;0;0;1;2;3;2;0;3
98_164291;Bacteria;Proteobacteria;Gammaproteobacteria;Enterobacterales;NA;NA;0;0;0;0;0;2;0;0;0;0;0;0;0;0
98_16464;Eukaryota;Chlorophyta;NA;NA;NA;NA;0;0;0;0;0;2;0;0;0;0;0;0;0;0
98_164909;Bacteria;Proteobacteria;Gammaproteobacteria;Xanthomonadales;Rhodanobacteraceae;Frateuria;33;34;46;41;40;38;7;13;6;18;2;3;0;2
98_164913;Bacteria;Proteobacteria;Gammaproteobacteria;Enterobacterales;Erwiniaceae;NA;2;0;0;0;0;1;0;0;0;1;0;0;0;0
98_164913;Bacteria;Proteobacteria;Gammaproteobacteria;Enterobacterales;NA;NA;8;24;6;6;5;16;0;0;0;4;1;1;1;3
98_1652;Bacteria;Proteobacteria;Gammaproteobacteria;NA;NA;NA;0;1;0;0;1;0;0;0;0;0;0;0;0;0
98_16690;Eukaryota;Ascomycota;Saccharomycetes;Saccharomycetales;Saccharomycopsidaceae;Saccharomycopsis;10;2;1;0;3;4;0;3;2;4;1;1;1;0
98_1672;Bacteria;Proteobacteria;Alphaproteobacteria;Rhodospirillales;Acetobacteraceae;Roseomonas;0;0;0;0;0;0;0;0;1;0;0;1;1;0
98_1675;Eukaryota;Basidiomycota;Tremellomycetes;Tremellales;NA;NA;0;2;0;6;2;0;0;0;0;0;0;2;0;1
98_17041;Eukaryota;Ascomycota;Saccharomycetes;Saccharomycetales;Debaryomycetaceae;Hyphopichia;0;0;1;0;0;2;0;0;0;2;0;1;0;0
98_17042;Eukaryota;Ascomycota;Saccharomycetes;Saccharomycetales;Kuraishia;Kuraishia;1;1;1;0;0;3;0;2;0;2;0;0;0;1
98_17059;Eukaryota;Ascomycota;Saccharomycetes;Saccharomycetales;NA;NA;0;0;0;0;0;0;0;2;4;1;0;0;0;0
98_1706;Eukaryota;Ascomycota;Saccharomycetes;Saccharomycetales;Pichiaceae;Pichia;0;0;0;1;0;3;0;0;0;0;0;0;0;0
98_1706;Eukaryota;Ascomycota;Saccharomycetes;Saccharomycetales;NA;NA;1;1;4;11;0;5;0;4;0;1;1;1;0;1
98_172;Eukaryota;Basidiomycota;Exobasidiomycetes;NA;NA;NA;3;18;2;1;1;10;2;1;0;7;0;0;0;1
98_172;Eukaryota;Basidiomycota;Tremellomycetes;Cystofilobasidiales;Cystofilobasidiaceae;NA;2;4;0;0;0;3;0;0;0;1;0;0;0;1
98_172;Eukaryota;Basidiomycota;Tremellomycetes;Cystofilobasidiales;NA;NA;1;1;0;0;0;0;0;0;0;0;0;0;0;0
98_172;Eukaryota;Basidiomycota;Tremellomycetes;NA;NA;NA;0;11;0;1;2;0;0;0;0;0;0;0;0;0
98_172;Eukaryota;Basidiomycota;NA;NA;NA;NA;16;88;4;2;4;28;0;1;4;17;2;5;1;3
98_17229;Eukaryota;Mucoromycota;Mucorales;Mucorales;NA;NA;1;0;1;0;0;0;0;0;0;0;0;0;0;0
98_17304;Eukaryota;NA;NA;NA;NA;NA;0;0;0;1;0;1;0;0;0;0;0;0;0;0
98_17350;Bacteria;Proteobacteria;Gammaproteobacteria;Enterobacterales;Enterobacteriaceae;NA;68;6;7;15;16;16;0;1;4;1;0;4;0;1
98_17350;Bacteria;Proteobacteria;Gammaproteobacteria;Enterobacterales;NA;NA;198;38;41;48;78;66;1;12;8;31;5;8;1;2
98_17379;Eukaryota;Chlorophyta;NA;NA;NA;NA;0;0;0;0;0;1;0;1;0;0;0;0;0;0
98_174;Eukaryota;Ascomycota;Saccharomycetes;Saccharomycetales;Debaryomycetaceae;Candida;1;1;1;0;3;1;3;1;5;2;0;0;0;0
98_1755;Eukaryota;Mucoromycota;Mucorales;Mucorales;Rhizopodaceae;Rhizopus;1056;160;225;73;742;162;7;6;7;45;13;10;5;6
98_1755;Eukaryota;Mucoromycota;Mucorales;Mucorales;NA;NA;130;15;32;12;100;31;0;1;1;11;4;3;0;1
98_17559;Eukaryota;Ascomycota;Dothideomycetes;Botryosphaeriales;Phyllostictaceae;Phyllosticta;11;1;5;2;3;1;0;0;0;3;0;0;0;14
98_17559;Eukaryota;Ascomycota;Dothideomycetes;Botryosphaeriales;Phyllostictaceae;NA;12;2;3;1;1;1;2;1;0;0;0;0;0;6
98_17559;Eukaryota;Ascomycota;Dothideomycetes;NA;NA;NA;4;0;3;0;1;1;0;0;0;1;0;0;0;1
98_1765;Eukaryota;Ascomycota;Saccharomycetes;Saccharomycetales;Metschnikowiaceae;Kodamaea;1;1;1;4;1;0;0;1;1;2;0;1;0;1
98_17661;Eukaryota;Ascomycota;Sordariomycetes;Hypocreales;Nectriaceae;Fusarium;0;0;0;0;0;1;0;0;0;2;0;4;0;0
98_17799;Eukaryota;NA;NA;NA;NA;NA;50;18;18;21;19;28;6;7;0;2;2;4;2;3
98_1810;Eukaryota;Ascomycota;NA;NA;NA;NA;4;0;0;0;0;1;0;1;0;0;0;0;0;2
98_1817;Bacteria;Proteobacteria;Gammaproteobacteria;Enterobacterales;Enterobacteriaceae;NA;1;0;0;0;0;5;0;0;0;0;0;0;0;0
98_1817;Bacteria;Proteobacteria;Gammaproteobacteria;Enterobacterales;Erwiniaceae;Pantoea;17;46;17;29;24;31;2;7;1;23;0;6;0;5
98_1817;Bacteria;Proteobacteria;Gammaproteobacteria;Enterobacterales;Erwiniaceae;NA;109;172;47;79;60;139;3;15;2;51;3;15;1;15
98_1817;Bacteria;Proteobacteria;Gammaproteobacteria;Enterobacterales;NA;NA;17;30;9;18;5;24;0;3;0;12;1;4;0;3
98_182;Bacteria;Firmicutes;Bacilli;Lactobacillales;Lactobacillaceae;Lactobacillus;1;0;0;0;0;1;0;0;0;0;1;0;3;0
98_1828;Eukaryota;Ascomycota;Saccharomycetes;Saccharomycetales;Phaffomycetaceae;Komagataella;2;5;5;5;1;2;0;3;3;1;2;1;1;0
98_18608;Eukaryota;NA;NA;NA;NA;NA;1;0;3;0;1;0;0;2;0;0;0;0;0;0
98_18881;Eukaryota;Ascomycota;Saccharomycetes;Saccharomycetales;Phaffomycetaceae;Starmera;5;5;4;4;4;0;0;1;0;1;0;0;0;0
98_18881;Eukaryota;Ascomycota;Saccharomycetes;Saccharomycetales;NA;NA;10;5;11;5;2;4;0;0;0;1;0;1;0;1
98_190;Eukaryota;Ascomycota;Saccharomycetes;Saccharomycetales;Debaryomycetaceae;Millerozyma;183;88;92;59;71;63;12;16;4;36;5;23;2;11
98_190;Eukaryota;Ascomycota;Saccharomycetes;Saccharomycetales;Debaryomycetaceae;NA;75;58;49;38;19;52;13;18;18;25;8;11;1;10
98_190;Eukaryota;Ascomycota;Saccharomycetes;Saccharomycetales;NA;NA;24;42;63;19;10;29;8;17;12;21;10;9;0;7
98_19121;Eukaryota;Ascomycota;Dothideomycetes;Botryosphaeriales;Phyllostictaceae;Phyllosticta;1;0;1;0;0;2;0;1;0;0;0;0;0;1
98_19369;Eukaryota;Mucoromycota;Mucorales;Mucorales;Cunninghamellaceae;Cunninghamella;11;0;4;0;3;0;0;0;0;1;0;0;0;0
98_19487;Eukaryota;NA;NA;NA;NA;NA;2;0;0;1;0;0;0;0;0;0;0;0;0;0
98_1959;Bacteria;Proteobacteria;Gammaproteobacteria;Enterobacterales;NA;NA;1;0;0;0;1;0;0;0;0;0;0;0;0;0
98_196;Bacteria;Proteobacteria;Alphaproteobacteria;Rhodospirillales;Acetobacteraceae;Acetobacter;12;33;400;497;2380;2142;5993;9227;5411;13140;18372;9840;10094;12176
98_196;Bacteria;Proteobacteria;Alphaproteobacteria;Rhodospirillales;Acetobacteraceae;NA;0;0;1;0;0;4;8;5;9;21;35;23;18;15
98_1964;Eukaryota;NA;NA;NA;NA;NA;1;1;2;1;0;0;0;1;0;0;0;0;0;0
98_19945;Eukaryota;NA;NA;NA;NA;NA;1;0;1;0;3;0;0;0;2;0;0;0;0;0
98_20;Bacteria;Proteobacteria;Gammaproteobacteria;Enterobacterales;Enterobacteriaceae;NA;25;36;6;13;16;36;1;6;3;12;1;4;1;2
98_2015;Bacteria;Proteobacteria;Gammaproteobacteria;Enterobacterales;Enterobacteriaceae;NA;2;0;0;0;0;0;0;0;0;0;0;0;0;0
98_20341;Eukaryota;Ascomycota;Saccharomycetes;Saccharomycetales;Candida;Candida;31;167;31;76;34;86;7;17;5;36;5;17;0;12
98_2058;Eukaryota;Ascomycota;Saccharomycetes;Saccharomycetales;Phaffomycetaceae;Cyberlindnera;2;8;16;5;6;10;1;1;0;3;0;0;0;1
98_2068;Eukaryota;Ascomycota;Saccharomycetes;Saccharomycetales;Phaffomycetaceae;Wickerhamomyces;27;104;225;41;33;65;34;41;27;49;14;26;2;6
98_20682;Eukaryota;Ascomycota;Saccharomycetes;Saccharomycetales;Phaffomycetaceae;Wickerhamomyces;0;0;0;0;0;0;0;0;0;0;0;3;0;0
98_20682;Eukaryota;Ascomycota;Saccharomycetes;Saccharomycetales;NA;NA;0;2;0;0;0;0;0;0;0;0;0;0;0;0
98_2070;Eukaryota;Ascomycota;Saccharomycetes;Saccharomycetales;Phaffomycetaceae;NA;2;14;35;5;5;9;3;2;1;4;0;1;0;0
98_2070;Eukaryota;Ascomycota;Saccharomycetes;Saccharomycetales;NA;NA;2;3;6;2;0;6;0;1;0;0;0;0;0;0
98_2071;Eukaryota;Ascomycota;Saccharomycetes;Saccharomycetales;Phaffomycetaceae;Wickerhamomyces;2;15;2;2;0;7;0;2;2;3;0;1;0;1
98_2071;Eukaryota;Ascomycota;Saccharomycetes;Saccharomycetales;NA;NA;1;7;1;4;0;0;0;1;0;1;0;0;0;0
98_2075;Eukaryota;Ascomycota;Saccharomycetes;Saccharomycetales;Pichiaceae;Nakazawaea;208;243;305;124;97;187;71;106;93;115;80;73;7;42
98_2075;Eukaryota;Ascomycota;Saccharomycetes;Saccharomycetales;NA;NA;3;10;6;0;3;5;2;1;3;6;0;0;0;1
98_2075;Eukaryota;Ascomycota;Saccharomycetes;NA;NA;NA;1;5;4;3;2;3;1;0;1;2;2;2;0;1
98_2075;Eukaryota;Ascomycota;NA;NA;NA;NA;8;11;14;7;5;12;6;7;10;18;3;5;1;6
98_20988;Eukaryota;Ascomycota;Saccharomycetes;Saccharomycetales;Saccharomycodaceae;Hanseniaspora;95;112;149;62;80;130;33;67;46;73;43;40;3;23
98_21;Bacteria;Proteobacteria;Gammaproteobacteria;Aeromonadales;Aeromonadaceae;Aeromonas;0;0;0;0;0;0;0;2;0;0;0;0;0;0
98_2107;Bacteria;Proteobacteria;Betaproteobacteria;Kinetoplastibacterium;Kinetoplastibacterium;Kinetoplastibacterium;3;0;0;0;1;0;0;0;0;0;0;0;0;0
98_21194;Eukaryota;Ascomycota;NA;NA;NA;NA;0;0;0;0;0;3;0;0;0;0;0;0;0;0
98_213;Eukaryota;Ascomycota;Saccharomycetes;Saccharomycetales;Saccharomycetaceae;NA;3;2;2;1;1;5;3;1;1;1;1;1;0;0
98_21379;Eukaryota;Ascomycota;Dothideomycetes;NA;NA;NA;2;2;0;0;3;0;3;0;0;0;0;0;0;4
98_21396;Bacteria;Proteobacteria;Gammaproteobacteria;Enterobacterales;Pectobacteriaceae;NA;5;6;3;0;3;0;2;0;0;1;0;0;0;0
98_21460;Eukaryota;Ascomycota;Saccharomycetes;Saccharomycetales;Dipodascaceae;Dipodascus;2;1;1;0;1;2;1;0;0;0;0;0;0;0
98_2154;Bacteria;Proteobacteria;Gammaproteobacteria;Enterobacterales;Erwiniaceae;NA;3;0;0;0;1;1;0;0;0;0;0;0;0;0
98_21543;Eukaryota;Ascomycota;Sordariomycetes;Hypocreales;Nectriaceae;Fusarium;21;14;10;3;16;13;1;0;2;3;1;8;0;1
98_21696;Eukaryota;Mucoromycota;Mucorales;Mucorales;Mucoraceae;NA;1;2;7;0;1;4;0;0;0;0;0;0;0;0
98_2177;Bacteria;Proteobacteria;Gammaproteobacteria;Enterobacterales;Enterobacteriaceae;Kluyvera;0;2;0;0;0;0;0;0;0;1;0;0;0;0
98_2177;Bacteria;Proteobacteria;Gammaproteobacteria;Enterobacterales;Enterobacteriaceae;NA;7;7;3;1;1;10;0;0;0;9;0;3;0;0
98_2177;Bacteria;Proteobacteria;Gammaproteobacteria;Enterobacterales;NA;NA;2;0;0;0;0;0;0;0;0;0;0;0;0;0
98_2194;Eukaryota;Ascomycota;Saccharomycetes;Saccharomycetales;Debaryomycetaceae;NA;1;2;0;0;0;0;0;1;0;0;0;0;0;0
98_2194;Eukaryota;Ascomycota;Saccharomycetes;Saccharomycetales;NA;NA;0;0;0;0;0;0;0;1;0;2;0;0;0;0
98_22147;Bacteria;Proteobacteria;Gammaproteobacteria;Enterobacterales;NA;NA;14;0;4;1;6;6;0;3;0;1;0;1;0;1
98_2227;Eukaryota;Basidiomycota;Tremellomycetes;Tremellales;NA;NA;0;0;0;1;0;1;0;0;0;0;0;0;0;0
98_2232;Eukaryota;NA;NA;NA;NA;NA;0;1;1;0;0;0;0;0;0;0;0;0;0;0
98_22352;Eukaryota;Ascomycota;Saccharomycetes;Saccharomycetales;Dipodascaceae;Geotrichum;0;0;2;2;0;3;0;4;0;2;0;1;0;0
98_22501;Eukaryota;NA;NA;NA;NA;NA;2;1;0;3;0;1;0;1;0;0;0;1;0;0
98_22610;Eukaryota;NA;NA;NA;NA;NA;0;5;2;0;1;0;0;0;0;1;0;0;1;0
98_2267;Bacteria;Proteobacteria;Alphaproteobacteria;Rhodospirillales;Acetobacteraceae;Acetobacter;0;0;11;5;11;12;18;40;39;51;56;40;29;30
98_22767;Eukaryota;Ascomycota;Sordariomycetes;Hypocreales;NA;NA;8;3;5;0;3;4;0;0;0;0;0;2;0;0
98_2280;Eukaryota;Ascomycota;Sordariomycetes;Hypocreales;Nectriaceae;Fusarium;88;37;41;35;45;55;1;6;2;5;6;16;0;0
98_2280;Eukaryota;Ascomycota;Sordariomycetes;Hypocreales;Nectriaceae;NA;4;2;2;2;1;3;0;0;0;1;0;0;0;0
98_2280;Eukaryota;Ascomycota;Sordariomycetes;Hypocreales;NA;NA;572;167;288;163;312;471;11;15;16;61;29;118;3;9
98_2280;Eukaryota;Ascomycota;Sordariomycetes;Microascales;Halosphaeriaceae;Corollospora;12;2;5;0;10;11;2;0;0;4;0;2;0;1
98_2280;Eukaryota;Ascomycota;Sordariomycetes;Microascales;Halosphaeriaceae;NA;32;7;15;4;10;21;0;0;0;1;0;5;0;1
98_2280;Eukaryota;Ascomycota;Sordariomycetes;Microascales;NA;NA;66;14;35;26;39;69;2;4;7;8;6;13;0;2
98_2280;Eukaryota;Ascomycota;Sordariomycetes;NA;NA;NA;127;25;50;22;63;85;4;4;5;6;2;15;0;1
98_22859;Bacteria;Proteobacteria;Gammaproteobacteria;Xanthomonadales;Rhodanobacteraceae;NA;1;1;2;0;0;2;0;0;0;0;0;0;0;0
98_23;Bacteria;Firmicutes;Bacilli;Bacillales;NA;NA;0;0;0;0;0;0;0;0;0;0;3;0;6;0
98_23;Eukaryota;Ascomycota;Saccharomycetes;Saccharomycetales;Saccharomycetaceae;Saccharomyces;31;37;37;13;13;31;11;16;14;21;5;8;1;6
98_23;Eukaryota;Ascomycota;Saccharomycetes;Saccharomycetales;Saccharomycetaceae;NA;0;0;0;3;0;1;0;0;0;1;0;0;0;0
98_23336;Eukaryota;NA;NA;NA;NA;NA;2;1;2;0;0;0;0;0;0;0;0;0;0;0
98_2341;Eukaryota;Ascomycota;NA;NA;NA;NA;3;0;0;4;0;3;0;0;0;2;1;0;0;0
98_23521;Eukaryota;Cryptophyta;Cryptophyta;Cryptomonadales;NA;NA;5;0;1;0;1;0;0;0;0;0;0;0;0;0
98_23522;Eukaryota;Cryptophyta;Cryptophyta;Cryptomonadales;NA;NA;6;1;2;1;1;0;1;1;4;1;1;0;0;0
98_2355;Bacteria;Proteobacteria;Gammaproteobacteria;Alteromonadales;Pseudoalteromonadaceae;NA;2;1;0;1;4;1;0;0;0;1;0;0;0;1
98_2355;Bacteria;Proteobacteria;Gammaproteobacteria;Alteromonadales;NA;NA;11;12;6;6;6;11;0;1;2;8;0;0;0;2
98_2369;Bacteria;Proteobacteria;Gammaproteobacteria;Pasteurellales;Pasteurellaceae;NA;2;0;0;1;0;0;0;0;0;0;0;0;0;0
98_24140;Eukaryota;NA;NA;NA;NA;NA;30;2;1;0;3;1;0;0;0;0;0;0;0;0
98_24141;Eukaryota;NA;NA;NA;NA;NA;4;0;0;0;0;0;0;0;0;0;0;0;0;0
98_2428;Bacteria;Firmicutes;Bacilli;Bacillales;Paenibacillaceae;Brevibacillus;1;0;0;0;0;0;0;0;0;0;0;0;1;0
98_24602;Eukaryota;NA;NA;NA;NA;NA;8;13;12;2;4;3;0;5;2;8;0;2;0;0
98_24620;Eukaryota;Ascomycota;Dothideomycetes;Botryosphaeriales;Phyllostictaceae;Phyllosticta;1;0;3;2;1;0;2;2;4;3;2;1;0;2
98_24620;Eukaryota;Ascomycota;Dothideomycetes;NA;NA;NA;0;1;0;0;2;0;0;0;0;0;0;0;0;0
98_24713;Bacteria;Firmicutes;Bacilli;Bacillales;Bacillaceae;Bacillus;1;0;0;0;0;0;0;0;0;0;1;0;0;0
98_24714;Bacteria;Proteobacteria;Gammaproteobacteria;Enterobacterales;Enterobacteriaceae;NA;1;0;0;0;0;0;0;1;0;0;0;0;0;0
98_24716;Bacteria;Proteobacteria;Gammaproteobacteria;Enterobacterales;Enterobacteriaceae;NA;0;0;0;0;0;0;0;0;0;1;0;1;0;0
98_248;Bacteria;Proteobacteria;Betaproteobacteria;Kinetoplastibacterium;Kinetoplastibacterium;Kinetoplastibacterium;3;0;2;0;0;1;0;0;0;0;0;0;0;0
98_2499;Bacteria;Proteobacteria;Gammaproteobacteria;Enterobacterales;NA;NA;0;3;0;0;1;1;0;0;0;0;0;0;0;0
98_2521;Bacteria;Proteobacteria;Gammaproteobacteria;Enterobacterales;Erwiniaceae;NA;0;0;0;0;2;0;0;0;0;1;0;0;0;0
98_2521;Bacteria;Proteobacteria;Gammaproteobacteria;Enterobacterales;NA;NA;5;6;3;3;6;10;0;0;0;2;1;0;0;1
98_2532;Bacteria;Proteobacteria;Gammaproteobacteria;Xanthomonadales;Rhodanobacteraceae;NA;0;0;1;0;1;0;0;0;0;0;1;0;0;0
98_2547;Bacteria;Proteobacteria;Alphaproteobacteria;Rhodospirillales;Acetobacteraceae;Saccharibacter;0;0;2;0;0;0;0;1;0;0;0;0;0;0
98_2547;Bacteria;Proteobacteria;Alphaproteobacteria;Rhodospirillales;Acetobacteraceae;NA;0;0;1;1;7;2;6;18;9;12;19;17;15;8
98_2549;Bacteria;Proteobacteria;Gammaproteobacteria;Sedimenticola;Sedimenticola;Sedimenticola;1;1;1;2;0;0;0;0;0;1;0;0;0;0
98_2549;Bacteria;Proteobacteria;Gammaproteobacteria;Sedimenticola;Sedimenticola;NA;3;7;2;2;1;1;1;1;0;3;1;1;1;0
98_2575;Eukaryota;Mucoromycota;Mucorales;Mucorales;Mucoraceae;NA;2;0;3;0;0;5;0;0;0;0;0;0;0;1
98_25767;Eukaryota;NA;NA;NA;NA;NA;2;0;0;0;0;1;0;0;0;0;0;0;0;0
98_25807;Eukaryota;Ascomycota;Saccharomycetes;Saccharomycetales;NA;NA;2;4;3;2;0;0;1;0;2;0;1;0;1;0
98_2585;Bacteria;Bacteroidetes;Bacteroidia;Bacteroidales;Bacteroidaceae;Bacteroides;0;0;0;0;0;0;1;1;1;0;0;0;0;0
98_25862;Bacteria;Proteobacteria;Gammaproteobacteria;Enterobacterales;Plesiomonas;NA;4;3;3;1;1;2;0;0;0;1;0;0;0;0
98_25862;Bacteria;Proteobacteria;Gammaproteobacteria;Enterobacterales;NA;NA;20;46;9;18;11;34;0;1;1;6;0;2;0;2
98_2589;Bacteria;Proteobacteria;Gammaproteobacteria;Enterobacterales;Pectobacteriaceae;Lonsdalea;4;1;0;0;0;1;1;0;1;1;0;0;0;0
98_2589;Bacteria;Proteobacteria;Gammaproteobacteria;Enterobacterales;Pectobacteriaceae;NA;5;5;3;3;1;5;0;0;0;3;0;3;0;4
98_2589;Bacteria;Proteobacteria;Gammaproteobacteria;Enterobacterales;NA;NA;0;1;0;0;1;4;0;0;0;1;0;0;0;0
98_26100;Eukaryota;Ascomycota;Eurotiomycetes;Eurotiales;Aspergillaceae;NA;11;9;4;0;2;2;2;1;1;0;0;1;0;0
98_2622;Bacteria;Proteobacteria;Gammaproteobacteria;Enterobacterales;Erwiniaceae;NA;7;12;7;5;4;18;0;8;0;8;0;1;0;1
98_2622;Bacteria;Proteobacteria;Gammaproteobacteria;Enterobacterales;NA;NA;3;0;3;0;2;0;0;1;0;0;0;0;0;0
98_26417;Eukaryota;NA;NA;NA;NA;NA;2;2;2;0;3;0;1;0;0;0;0;0;0;0
98_265;Bacteria;Proteobacteria;Gammaproteobacteria;Enterobacterales;Enterobacteriaceae;NA;162;209;100;98;97;231;7;24;6;98;7;34;0;25
98_265;Bacteria;Proteobacteria;Gammaproteobacteria;Enterobacterales;NA;NA;1;7;1;6;4;11;0;2;0;1;0;0;0;0
98_26731;Eukaryota;Mucoromycota;Mucorales;Mucorales;Mucoraceae;Cokeromyces;11;1;0;0;2;0;0;0;1;0;0;1;0;0
98_26846;Eukaryota;Ascomycota;Saccharomycetes;Saccharomycetales;Saccharomycetaceae;Eremothecium;3;0;4;0;1;4;0;0;3;0;1;0;0;0
98_2701;Bacteria;Proteobacteria;Alphaproteobacteria;Rhodospirillales;Acetobacteraceae;Granulibacter;1;1;1;5;10;9;25;27;41;74;81;31;43;61
98_2701;Bacteria;Proteobacteria;Alphaproteobacteria;Rhodospirillales;Acetobacteraceae;NA;0;0;0;0;0;0;0;3;2;8;1;2;0;6
98_27113;Eukaryota;NA;NA;NA;NA;NA;0;5;1;0;0;1;0;0;0;1;0;0;0;0
98_27252;Bacteria;Proteobacteria;Alphaproteobacteria;Rhodospirillales;Acetobacteraceae;NA;0;0;2;0;0;0;0;0;0;0;0;0;0;0
98_2739;Bacteria;Proteobacteria;Alphaproteobacteria;Rhodospirillales;Acetobacteraceae;Asaia;0;0;1;0;0;0;0;0;0;0;1;0;0;0
98_2739;Bacteria;Proteobacteria;Alphaproteobacteria;Rhodospirillales;Acetobacteraceae;NA;4;5;120;55;116;121;128;204;150;276;406;187;212;266
98_27407;Eukaryota;Ascomycota;Saccharomycetes;Saccharomycetales;Diutina;NA;1;0;0;0;0;1;0;0;0;0;0;0;0;0
98_27611;Eukaryota;Ascomycota;Saccharomycetes;Saccharomycetales;Pichiaceae;Saturnispora;0;3;1;0;0;3;0;0;0;0;0;0;0;0
98_2794;Bacteria;Firmicutes;Bacilli;Lactobacillales;Lactobacillaceae;Lactobacillus;0;0;0;0;0;0;0;0;0;0;0;0;10;3
98_2794;Eukaryota;Ascomycota;Saccharomycetes;Saccharomycetales;Pichiaceae;Pichia;0;4;4;3;2;3;0;2;0;1;0;1;0;0
98_2797;Eukaryota;Mucoromycota;Mucorales;Mucorales;Mucoraceae;NA;1;0;0;0;0;0;0;0;0;0;0;0;0;1
98_2798;Eukaryota;Mucoromycota;Mucorales;Mucorales;Rhizopodaceae;Rhizopus;6;1;1;0;3;1;0;0;0;0;2;0;0;0
98_2798;Eukaryota;Mucoromycota;Mucorales;Mucorales;Rhizopodaceae;NA;1;0;0;0;1;0;0;0;0;0;0;0;0;0
98_2805;Eukaryota;Ascomycota;Saccharomycetes;Saccharomycetales;Metschnikowiaceae;Metschnikowia;4;0;2;0;0;0;0;0;1;0;0;0;0;0
98_2806;Eukaryota;Ascomycota;Saccharomycetes;Saccharomycetales;Metschnikowiaceae;Metschnikowia;0;5;3;0;3;3;0;0;0;1;1;0;0;0
98_2807;Eukaryota;Ascomycota;Saccharomycetes;Saccharomycetales;Metschnikowiaceae;Metschnikowia;5;3;6;4;1;3;2;5;4;3;2;5;3;2
98_28173;Eukaryota;Ascomycota;Dothideomycetes;NA;NA;NA;1;0;2;0;0;0;0;0;0;0;0;0;0;0
98_28174;Eukaryota;Ascomycota;Sordariomycetes;Hypocreales;Ophiocordycipitaceae;NA;0;0;0;0;0;0;0;0;1;0;1;0;0;0
98_2842;Eukaryota;Basidiomycota;Agaricomycetes;Polyporales;Coriolaceae;Trametes;1;4;3;1;2;0;0;0;0;0;0;0;0;0
98_2842;Eukaryota;Basidiomycota;Agaricomycetes;Polyporales;NA;NA;5;2;0;0;2;0;0;0;0;0;0;0;0;1
98_2843;Eukaryota;Basidiomycota;Agaricomycetes;NA;NA;NA;12;0;2;0;2;1;1;0;0;0;1;0;0;1
98_2843;Eukaryota;Basidiomycota;NA;NA;NA;NA;6;1;1;0;0;0;0;0;0;0;2;0;0;0
98_28629;Eukaryota;Ascomycota;Saccharomycetes;Saccharomycetales;NA;NA;0;0;0;0;1;0;0;1;0;0;0;0;0;0
98_28654;Bacteria;Proteobacteria;Gammaproteobacteria;Enterobacterales;NA;NA;0;4;2;1;0;1;0;0;0;0;0;0;0;0
98_28702;Eukaryota;NA;NA;NA;NA;NA;0;0;0;0;0;1;0;1;0;0;0;0;0;0
98_294;Bacteria;Proteobacteria;Gammaproteobacteria;Enterobacterales;Enterobacteriaceae;Cronobacter;1;0;0;1;0;1;0;1;1;0;0;0;0;0
98_29647;Eukaryota;Ascomycota;Saccharomycetes;Saccharomycetales;Debaryomycetaceae;Scheffersomyces;0;1;0;0;0;0;0;0;0;0;0;1;0;0
98_29647;Eukaryota;Ascomycota;Saccharomycetes;Saccharomycetales;Debaryomycetaceae;NA;3;0;0;0;1;2;0;0;0;2;0;0;0;0
98_29692;Eukaryota;NA;NA;NA;NA;NA;0;1;0;0;0;1;0;3;0;0;0;0;0;0
98_29824;Eukaryota;NA;NA;NA;NA;NA;0;0;0;0;0;1;1;0;0;0;0;0;0;0
98_30223;Eukaryota;Basidiomycota;NA;NA;NA;NA;1;1;0;0;0;0;0;0;0;0;0;1;0;0
98_304;Eukaryota;NA;NA;NA;NA;NA;2;0;1;0;1;0;0;0;0;0;0;0;0;0
98_3055;Bacteria;Proteobacteria;Alphaproteobacteria;Rhodospirillales;Elioraea;Elioraea;0;0;7;4;1;2;3;7;0;0;1;3;4;4
98_3072;Eukaryota;Basidiomycota;Malasseziomycetes;Malasseziales;Malasseziaceae;Malassezia;6;11;4;2;0;1;7;1;1;1;0;0;0;3
98_32739;Bacteria;Tenericutes;Mollicutes;Acholeplasmatales;Acholeplasmataceae;NA;0;0;0;0;0;0;0;0;0;0;0;0;0;2
98_32776;Bacteria;Proteobacteria;Gammaproteobacteria;Enterobacterales;Erwiniaceae;NA;0;0;1;1;0;0;0;0;0;0;0;1;0;0
98_3302;Bacteria;Proteobacteria;Alphaproteobacteria;NA;NA;NA;0;0;0;0;0;0;0;0;1;0;1;0;0;0
98_33966;Bacteria;Proteobacteria;Gammaproteobacteria;Enterobacterales;Morganellaceae;Providencia;0;0;0;2;0;1;0;0;0;0;0;0;0;0
98_3398;Bacteria;Proteobacteria;Gammaproteobacteria;Xanthomonadales;Rhodanobacteraceae;NA;0;0;0;1;0;0;0;0;0;0;0;0;0;1
98_3446;Bacteria;Proteobacteria;Gammaproteobacteria;Enterobacterales;Enterobacteriaceae;NA;3;2;2;1;0;0;0;0;0;2;0;0;0;0
98_3534;Eukaryota;NA;NA;NA;NA;NA;4;2;1;2;0;0;1;0;0;1;0;1;0;0
98_35356;Eukaryota;Ascomycota;Eurotiomycetes;Eurotiales;Trichocomaceae;Talaromyces;1;1;1;0;0;1;0;0;0;0;0;0;0;0
98_35655;Bacteria;Proteobacteria;Gammaproteobacteria;Xanthomonadales;Rhodanobacteraceae;Rhodanobacter;0;2;0;0;0;2;1;0;0;0;0;0;0;0
98_35655;Bacteria;Proteobacteria;Gammaproteobacteria;Xanthomonadales;Rhodanobacteraceae;NA;3;4;6;3;5;1;0;4;0;0;1;0;0;0
98_3588;Bacteria;Proteobacteria;Gammaproteobacteria;Enterobacterales;Erwiniaceae;NA;20;8;3;8;12;13;0;9;0;1;0;3;0;2
98_3588;Bacteria;Proteobacteria;Gammaproteobacteria;Enterobacterales;NA;NA;23;4;7;22;12;20;1;4;1;5;0;3;0;4
98_3649;Archaea;Euryarchaeota;Methanomicrobia;Methanosarcinales;Methanosarcinaceae;NA;5;1;1;0;3;1;1;0;1;0;0;0;0;1
98_3681;Bacteria;Proteobacteria;Alphaproteobacteria;Rhodospirillales;Acetobacteraceae;Asaia;6;18;35;32;18;20;11;20;26;26;9;13;3;16
98_3681;Bacteria;Proteobacteria;Alphaproteobacteria;Rhodospirillales;Acetobacteraceae;NA;1;1;3;2;5;12;9;24;17;44;46;26;21;50
98_37;Eukaryota;Ascomycota;Pezizomycetes;Pezizales;NA;NA;0;0;0;0;0;2;0;0;0;1;0;0;0;0
98_37330;Bacteria;Proteobacteria;Gammaproteobacteria;Enterobacterales;Erwiniaceae;Pantoea;0;0;0;0;1;0;0;0;0;0;0;1;0;0
98_3810;Eukaryota;Ascomycota;Saccharomycetes;Saccharomycetales;Debaryomycetaceae;NA;4;2;9;2;2;13;0;0;0;5;1;3;0;0
98_3810;Eukaryota;Ascomycota;Saccharomycetes;Saccharomycetales;NA;NA;4;8;5;0;0;11;1;1;0;4;0;1;0;1
98_3811;Eukaryota;Ascomycota;Eurotiomycetes;Eurotiales;NA;NA;0;0;2;0;0;1;0;0;0;0;0;0;0;0
98_387;Bacteria;Actinobacteria;Actinobacteria;Pseudonocardiales;Pseudonocardiaceae;Actinomycetospora;0;0;2;0;0;0;0;0;0;0;0;0;0;0
98_38894;Bacteria;Proteobacteria;Gammaproteobacteria;Enterobacterales;Enterobacteriaceae;NA;6;10;8;7;0;13;0;1;1;1;1;0;0;0
98_38894;Bacteria;Proteobacteria;Gammaproteobacteria;Enterobacterales;NA;NA;4;1;0;1;3;1;0;0;0;1;0;0;0;0
98_3910;Bacteria;Proteobacteria;Gammaproteobacteria;Enterobacterales;Erwiniaceae;Pantoea;9;16;0;8;3;13;0;6;5;2;0;1;0;4
98_3910;Bacteria;Proteobacteria;Gammaproteobacteria;Enterobacterales;Erwiniaceae;NA;1;0;0;1;0;1;1;0;0;1;0;0;0;0
98_3912;Bacteria;Proteobacteria;Gammaproteobacteria;Xanthomonadales;Xanthomonadaceae;Thermomonas;0;0;0;0;0;0;0;0;0;2;0;0;0;0
98_3981;Eukaryota;Mucoromycota;Mucorales;Mucorales;Phycomycetaceae;Phycomyces;55;5;14;6;39;9;1;3;0;1;4;0;0;0
98_3981;Eukaryota;Mucoromycota;Mucorales;Mucorales;NA;NA;7;1;2;0;6;0;0;0;0;3;0;0;0;0
98_4024;Bacteria;Proteobacteria;Alphaproteobacteria;Rhodospirillales;Acetobacteraceae;Gluconacetobacter;1;3;17;46;9;25;14;62;71;55;31;32;4;40
98_4024;Bacteria;Proteobacteria;Alphaproteobacteria;Rhodospirillales;Acetobacteraceae;NA;0;0;4;5;4;1;0;2;1;1;4;0;2;2
98_4035;Eukaryota;Ascomycota;Saccharomycetes;Saccharomycetales;Pichiaceae;Pichia;0;3;34;12;0;5;2;0;7;2;89;9;29;1
98_4035;Eukaryota;Ascomycota;Saccharomycetes;Saccharomycetales;NA;NA;2;8;7;5;0;1;0;1;0;1;2;3;0;0
98_4038;Eukaryota;Ascomycota;Saccharomycetes;Saccharomycetales;Saccharomycodaceae;NA;227;346;429;180;282;345;68;106;78;154;35;58;8;38
98_40589;Bacteria;Proteobacteria;Gammaproteobacteria;Pasteurellales;Pasteurellaceae;NA;1;0;0;0;0;0;0;0;0;1;0;0;0;0
98_415;Eukaryota;Chlorophyta;Trebouxiophyceae;Chlorellales;Chlorellaceae;Nannochloris;0;1;0;0;0;1;0;0;0;0;0;0;0;0
98_4158;Eukaryota;Basidiomycota;Malasseziomycetes;Malasseziales;Malasseziaceae;NA;0;2;0;0;0;1;0;0;0;0;0;0;0;0
98_4280;Bacteria;Proteobacteria;Alphaproteobacteria;Rhodospirillales;Acetobacteraceae;Tanticharoenia;2;5;4;1;5;8;0;2;2;2;0;1;0;0
98_4280;Bacteria;Proteobacteria;Alphaproteobacteria;Rhodospirillales;Acetobacteraceae;NA;3;3;7;1;3;1;2;1;6;2;2;1;0;1
98_429;Bacteria;Proteobacteria;Gammaproteobacteria;Enterobacterales;Enterobacteriaceae;NA;1;0;0;0;0;3;0;0;0;1;0;0;0;0
98_429;Bacteria;Proteobacteria;Gammaproteobacteria;Enterobacterales;Erwiniaceae;Pantoea;28;30;4;14;19;30;2;2;2;10;1;9;0;5
98_429;Bacteria;Proteobacteria;Gammaproteobacteria;Enterobacterales;Erwiniaceae;NA;14;20;11;21;11;17;1;2;2;7;0;2;1;0
98_429;Bacteria;Proteobacteria;Gammaproteobacteria;Enterobacterales;NA;NA;1;2;0;5;2;5;0;1;1;4;1;1;0;2
98_4299;Eukaryota;Ascomycota;Eurotiomycetes;Eurotiales;Aspergillaceae;Aspergillus;4;0;0;0;0;2;0;1;0;0;0;1;0;0
98_4339;Eukaryota;Ascomycota;Saccharomycetes;Saccharomycetales;Pichiaceae;Saturnispora;2;0;0;0;0;0;0;0;0;0;1;0;0;0
98_4356;Bacteria;Firmicutes;Bacilli;Lactobacillales;Lactobacillaceae;Lactobacillus;1;0;0;0;0;0;0;0;0;0;40;0;205;1
98_4366;Bacteria;Tenericutes;Mollicutes;Mycoplasmatales;Mycoplasmataceae;Mycoplasma;5;9;31;30;39;41;67;115;80;104;143;92;117;92
98_4369;Eukaryota;NA;NA;NA;NA;NA;2;2;0;0;0;0;0;0;0;0;0;0;0;0
98_43693;Bacteria;Proteobacteria;Gammaproteobacteria;Enterobacterales;Enterobacteriaceae;NA;0;0;1;0;1;3;0;0;0;0;0;0;0;0
98_437;Bacteria;Proteobacteria;Gammaproteobacteria;Xanthomonadales;Rhodanobacteraceae;Rhodanobacter;1;0;1;0;1;2;0;0;0;0;0;0;0;0
98_4429;Eukaryota;Chlorophyta;Trebouxiophyceae;Chlorellales;Chlorellaceae;NA;39;21;16;8;14;15;1;8;4;5;0;2;0;2
98_4498;Eukaryota;Ascomycota;Saccharomycetes;Saccharomycetales;Saccharomycodaceae;Hanseniaspora;1423;2186;2568;1161;1263;2271;536;936;884;984;481;504;44;318
98_451;Bacteria;Proteobacteria;Gammaproteobacteria;Enterobacterales;Enterobacteriaceae;Salmonella;8;12;1;9;4;15;0;1;0;10;2;1;0;2
98_451;Bacteria;Proteobacteria;Gammaproteobacteria;Enterobacterales;Enterobacteriaceae;NA;7;10;2;8;4;10;0;0;0;3;1;0;0;1
98_4545;Eukaryota;Ascomycota;Saccharomycetes;Saccharomycetales;Pichiaceae;Pichia;1;2;3;6;9;8;1;0;0;0;0;1;0;1
98_4613;Bacteria;Proteobacteria;Alphaproteobacteria;Rhodospirillales;Acetobacteraceae;Acetobacter;37;23;72;70;127;129;396;479;210;512;804;441;435;539
98_46874;Bacteria;Proteobacteria;Gammaproteobacteria;Enterobacterales;Enterobacteriaceae;NA;0;1;0;1;0;3;0;0;0;0;0;0;0;0
98_46874;Bacteria;Proteobacteria;Gammaproteobacteria;Enterobacterales;NA;NA;0;1;2;0;0;5;0;1;0;0;0;0;0;0
98_4689;Bacteria;Proteobacteria;Gammaproteobacteria;Enterobacterales;Morganellaceae;NA;0;1;0;1;2;0;0;0;0;0;0;0;0;0
98_476;Bacteria;Proteobacteria;Alphaproteobacteria;Rhodospirillales;Acetobacteraceae;Gluconobacter;82;171;228;175;122;233;63;57;32;76;17;19;7;17
98_476;Bacteria;Proteobacteria;Alphaproteobacteria;Rhodospirillales;Acetobacteraceae;NA;0;2;0;0;0;0;0;0;0;0;0;0;0;0
98_4766;Eukaryota;Ascomycota;Dothideomycetes;NA;NA;NA;8;0;3;4;3;1;1;1;2;1;0;2;0;8
98_4788;Bacteria;Proteobacteria;Gammaproteobacteria;Enterobacterales;Erwiniaceae;Wigglesworthia;1;1;0;0;0;1;0;0;0;0;0;0;0;0
98_48;Bacteria;Proteobacteria;Gammaproteobacteria;Enterobacterales;NA;NA;1;1;0;0;0;0;0;1;0;0;0;0;0;0
98_4817;Bacteria;Proteobacteria;Gammaproteobacteria;Enterobacterales;Enterobacteriaceae;Salmonella;25;34;13;25;11;30;2;15;1;18;1;9;0;10
98_4817;Bacteria;Proteobacteria;Gammaproteobacteria;Enterobacterales;Enterobacteriaceae;NA;5;5;3;1;2;7;0;4;2;3;0;2;0;2
98_4817;Bacteria;Proteobacteria;Gammaproteobacteria;Enterobacterales;NA;NA;2;1;2;2;1;2;0;1;0;2;0;1;0;3
98_4817;Bacteria;Proteobacteria;Gammaproteobacteria;NA;NA;NA;2;1;3;0;2;3;0;0;1;6;0;2;0;0
98_4822;Bacteria;Proteobacteria;Gammaproteobacteria;Enterobacterales;Pectobacteriaceae;NA;1;0;0;0;0;1;0;0;0;0;0;0;0;0
98_4833;Bacteria;Proteobacteria;Gammaproteobacteria;Alteromonadales;Pseudoalteromonadaceae;Pseudoalteromonas;2;3;0;1;0;0;0;0;0;0;0;0;0;0
98_4850;Eukaryota;Cryptophyta;Cryptophyta;Pyrenomonadales;NA;NA;0;0;0;1;0;0;0;0;0;0;1;0;0;0
98_4913;Eukaryota;NA;NA;NA;NA;NA;0;0;0;3;1;0;0;0;0;0;0;0;0;0
98_5001;Bacteria;Proteobacteria;Gammaproteobacteria;Xanthomonadales;Rhodanobacteraceae;Frateuria;27;19;28;26;29;41;3;1;1;10;0;2;0;2
98_501;Bacteria;Proteobacteria;Gammaproteobacteria;Chromatiales;Halothiobacillaceae;Halothiobacillus;1;1;0;1;1;1;0;0;0;0;0;0;0;0
98_50760;Bacteria;Proteobacteria;Alphaproteobacteria;Rhodospirillales;Acetobacteraceae;NA;0;0;0;0;0;0;0;0;2;0;0;0;0;0
98_51;Bacteria;Firmicutes;Bacilli;Lactobacillales;Carnobacteriaceae;Carnobacterium;0;0;0;0;0;0;0;0;0;0;0;0;2;0
98_51;Eukaryota;Ascomycota;Saccharomycetes;Saccharomycetales;Saccharomycetaceae;Zygosaccharomyces;5;4;4;5;0;3;0;1;4;4;2;2;0;1
98_51;Eukaryota;Ascomycota;Saccharomycetes;Saccharomycetales;Saccharomycetaceae;NA;8;8;10;9;4;7;2;3;1;4;0;4;0;1
98_515;Bacteria;Proteobacteria;Gammaproteobacteria;Enterobacterales;Morganellaceae;Providencia;32;41;24;33;19;52;1;2;3;12;0;1;0;5
98_517;Bacteria;Bacteroidetes;Bacteroidia;Bacteroidales;Bacteroidaceae;Bacteroides;0;0;0;0;0;0;2;0;0;0;0;0;0;0
98_5174;Eukaryota;Chlorophyta;Chlorophyceae;Sphaeropleales;Mychonastaceae;Mychonastes;21;9;12;8;11;6;1;1;0;5;2;1;0;1
98_522;Bacteria;Proteobacteria;Gammaproteobacteria;Xanthomonadales;Rhodanobacteraceae;Rhodanobacter;4;5;4;5;4;3;1;0;0;3;0;0;0;0
98_522;Bacteria;Proteobacteria;Gammaproteobacteria;Xanthomonadales;Rhodanobacteraceae;NA;15;11;15;13;12;14;1;0;0;4;0;1;0;2
98_5283;Bacteria;Proteobacteria;Gammaproteobacteria;Xanthomonadales;Rhodanobacteraceae;NA;1;1;1;0;3;3;0;0;0;1;0;1;0;0
98_5287;Bacteria;Proteobacteria;Gammaproteobacteria;Enterobacterales;NA;NA;0;0;1;2;0;2;0;0;0;0;0;0;0;0
98_53;Eukaryota;Ascomycota;Saccharomycetes;Saccharomycetales;Saccharomycetaceae;Vanderwaltozyma;3;4;5;2;2;7;3;3;2;2;3;3;0;1
98_53;Eukaryota;Ascomycota;Saccharomycetes;Saccharomycetales;Saccharomycetaceae;NA;11;18;14;8;7;8;5;6;3;7;3;1;0;2
98_5349;Eukaryota;Ascomycota;Saccharomycetes;Saccharomycetales;Debaryomycetaceae;[Candida]canberraensis;0;0;1;0;0;0;1;1;1;1;0;0;0;0
98_5349;Eukaryota;Ascomycota;Saccharomycetes;Saccharomycetales;Debaryomycetaceae;NA;1;3;0;0;1;0;0;0;0;2;0;0;0;0
98_53593;Bacteria;Proteobacteria;Gammaproteobacteria;Enterobacterales;Enterobacteriaceae;NA;3;11;2;3;1;11;1;0;0;5;0;4;0;2
98_53778;Bacteria;Proteobacteria;Gammaproteobacteria;Xanthomonadales;Rhodanobacteraceae;NA;16;14;15;16;15;15;0;0;0;3;2;1;1;0
98_5386;Bacteria;Proteobacteria;Gammaproteobacteria;Pasteurellales;Pasteurellaceae;Haemophilus;1;1;1;1;1;3;0;0;0;4;1;0;0;2
98_5392;Eukaryota;NA;NA;NA;NA;NA;1;1;0;0;0;0;0;0;0;0;0;0;0;1
98_5462;Bacteria;Proteobacteria;Gammaproteobacteria;Enterobacterales;Enterobacteriaceae;Kluyvera;51;91;35;72;27;126;3;19;0;20;1;15;0;4
98_5462;Bacteria;Proteobacteria;Gammaproteobacteria;Enterobacterales;Enterobacteriaceae;NA;0;0;0;1;1;0;0;0;0;0;0;0;0;0
98_5488;Bacteria;Proteobacteria;Gammaproteobacteria;Chromatiales;Halothiobacillaceae;Halothiobacillus;0;0;1;1;5;0;0;0;0;0;0;0;0;0
98_5501;Eukaryota;Chlorophyta;Chlorophyceae;Carteria;Carteria;Carteria;2;1;1;0;0;0;0;0;0;0;0;0;0;0
98_5532;Bacteria;Proteobacteria;Gammaproteobacteria;Enterobacterales;Erwiniaceae;NA;5;0;0;0;3;0;0;1;0;0;0;0;0;0
98_5548;Eukaryota;Ascomycota;Eurotiomycetes;Eurotiales;Aspergillaceae;NA;2;0;0;0;0;0;0;1;0;0;0;0;0;0
98_5557;Eukaryota;Basidiomycota;Agaricostilbomycetes;Agaricostilbales;Agaricostilbaceae;Sterigmatomyces;6;0;4;0;0;1;1;1;1;0;0;0;0;3
98_566;Eukaryota;NA;NA;NA;NA;NA;3;1;0;0;2;2;0;0;0;0;0;1;0;0
98_5676;Bacteria;Proteobacteria;Alphaproteobacteria;Rhodospirillales;Acetobacteraceae;Saccharibacter;0;0;5;1;8;5;13;15;30;27;41;25;19;23
98_5784;Bacteria;Proteobacteria;Gammaproteobacteria;NA;NA;NA;2;0;0;0;0;0;0;0;0;0;0;1;0;0
98_58082;Bacteria;Proteobacteria;Gammaproteobacteria;Enterobacterales;Enterobacteriaceae;NA;0;0;0;1;0;0;0;1;0;0;0;0;0;0
98_58082;Bacteria;Proteobacteria;Gammaproteobacteria;Enterobacterales;NA;NA;2;4;2;5;1;3;0;1;0;0;0;0;0;1
98_5940;Eukaryota;Mucoromycota;Mucorales;Mucorales;Lichtheimiaceae;Lichtheimia;199;36;41;17;159;30;5;2;0;8;0;0;0;1
98_5940;Eukaryota;Mucoromycota;Mucorales;Mucorales;NA;NA;223;22;46;11;153;26;4;0;2;11;4;2;1;3
98_6029;Bacteria;Proteobacteria;Gammaproteobacteria;Enterobacterales;Enterobacteriaceae;NA;211;313;102;157;106;264;5;48;13;112;8;32;2;19
98_6029;Bacteria;Proteobacteria;Gammaproteobacteria;Enterobacterales;NA;NA;51;34;25;19;17;43;2;10;2;30;4;6;0;5
98_61;Eukaryota;Ascomycota;Sordariomycetes;Sordariales;Sordariaceae;Neurospora;0;0;0;0;0;0;0;0;3;0;0;0;0;0
98_61734;Bacteria;Proteobacteria;Gammaproteobacteria;Enterobacterales;Erwiniaceae;NA;1;5;1;0;0;5;0;0;0;4;0;0;0;0
98_63159;Bacteria;Proteobacteria;Gammaproteobacteria;Vibrionales;Vibrionaceae;Vibrio;2;1;2;0;0;0;0;0;0;1;0;0;0;0
98_63159;Bacteria;Proteobacteria;Gammaproteobacteria;Vibrionales;Vibrionaceae;NA;8;10;6;7;4;17;0;0;0;5;2;1;1;3
98_635;Eukaryota;Ascomycota;Saccharomycetes;Saccharomycetales;Saccharomycopsidaceae;Saccharomycopsis;1;1;1;2;0;0;3;2;0;0;0;1;0;0
98_636;Bacteria;Proteobacteria;Gammaproteobacteria;Enterobacterales;Erwiniaceae;NA;1;1;4;1;1;4;0;0;0;1;0;0;0;0
98_636;Bacteria;Proteobacteria;Gammaproteobacteria;Enterobacterales;NA;NA;1;5;1;0;1;1;0;1;0;0;0;1;0;0
98_64;Bacteria;Proteobacteria;Alphaproteobacteria;Rhodospirillales;Acetobacteraceae;Granulibacter;4;4;223;103;220;166;348;329;369;469;705;370;455;439
98_64;Bacteria;Proteobacteria;Alphaproteobacteria;Rhodospirillales;Acetobacteraceae;NA;0;0;0;0;0;0;2;2;0;0;0;0;0;1
98_6418;Bacteria;Proteobacteria;Alphaproteobacteria;Rhodospirillales;Rhodospirillaceae;Insolitispirillum;0;2;4;2;2;8;9;6;9;14;22;4;26;12
98_645;Bacteria;Proteobacteria;Gammaproteobacteria;Enterobacterales;Erwiniaceae;Pantoea;115;160;85;65;52;67;4;0;2;24;3;5;0;11
98_645;Bacteria;Proteobacteria;Gammaproteobacteria;Enterobacterales;Erwiniaceae;NA;6;2;5;2;10;3;0;0;0;7;1;2;0;2
98_645;Bacteria;Proteobacteria;Gammaproteobacteria;Enterobacterales;NA;NA;4;5;1;2;1;1;0;0;0;4;1;1;0;0
98_6531;Eukaryota;Chlorophyta;Chlorophyceae;Chlamydomonadales;Haematococcaceae;Haematococcus;2;3;0;0;1;2;0;0;0;0;0;0;0;0
98_661;Eukaryota;Ascomycota;Saccharomycetes;Saccharomycetales;Debaryomycetaceae;Candida;1;0;0;0;0;0;0;0;0;0;0;1;0;0
98_6641;Bacteria;Proteobacteria;Gammaproteobacteria;Sedimenticola;Sedimenticola;Sedimenticola;0;1;2;0;1;1;1;0;0;2;2;0;0;0
98_6662;Eukaryota;Mucoromycota;Mortierellales;Mortierellales;Mortierellaceae;NA;1;0;0;0;0;0;0;0;1;0;0;0;0;0
98_6662;Eukaryota;NA;NA;NA;NA;NA;0;0;0;2;0;0;1;0;0;0;0;0;0;0
98_6772;Eukaryota;Ascomycota;Saccharomycetes;Saccharomycetales;Phaffomycetaceae;Barnettozyma;0;2;0;0;1;0;0;0;0;0;0;0;0;0
98_6773;Eukaryota;Ascomycota;Saccharomycetes;Saccharomycetales;Pichiaceae;Ogataea;0;1;0;1;0;0;0;0;0;0;0;0;0;0
98_6773;Eukaryota;Ascomycota;Saccharomycetes;Saccharomycetales;Pichiaceae;NA;0;0;0;2;0;0;2;0;0;0;0;0;0;0
98_6782;Eukaryota;Ascomycota;Eurotiomycetes;Eurotiales;Aspergillaceae;Penicillium;2;0;0;0;0;0;0;0;0;0;0;0;0;0
98_6819;Bacteria;Proteobacteria;Gammaproteobacteria;Alteromonadales;Idiomarinaceae;Idiomarina;5;2;0;1;2;1;0;0;0;1;0;1;0;0
98_69;Bacteria;Firmicutes;Bacilli;Bacillales;Listeriaceae;Listeria;0;0;0;0;0;0;0;0;0;0;0;0;4;0
98_69;Eukaryota;Ascomycota;Dothideomycetes;Botryosphaeriales;Phyllostictaceae;Phyllosticta;0;0;0;1;0;0;0;0;0;0;0;1;0;1
98_69;Eukaryota;Ascomycota;Dothideomycetes;NA;NA;NA;4;1;1;1;0;1;0;0;1;0;1;0;0;0
98_69636;Bacteria;Proteobacteria;Gammaproteobacteria;Xanthomonadales;Rhodanobacteraceae;NA;1;1;2;1;3;3;1;0;0;1;1;0;0;0
98_7;Bacteria;Proteobacteria;Gammaproteobacteria;Enterobacterales;Enterobacteriaceae;NA;22;38;10;9;10;17;1;3;1;5;0;4;0;1
98_7005;Eukaryota;Ascomycota;Saccharomycetes;Saccharomycetales;Saccharomycodaceae;Hanseniaspora;146;272;298;138;188;263;61;95;79;127;29;48;6;37
98_710;Eukaryota;Zoopagomycota;Basidiobolomycetes;Basidiobolales;NA;NA;1;0;0;0;0;0;0;0;0;1;0;0;0;0
98_710;Eukaryota;NA;NA;NA;NA;NA;1;0;1;1;0;1;0;0;1;0;0;0;0;0
98_71208;Bacteria;Proteobacteria;Gammaproteobacteria;Enterobacterales;NA;NA;0;0;0;0;0;1;0;0;0;0;1;0;0;0
98_71589;Bacteria;Proteobacteria;Gammaproteobacteria;Enterobacterales;Enterobacteriaceae;NA;0;1;0;2;0;1;1;0;0;2;0;0;0;0
98_71608;Bacteria;Proteobacteria;Gammaproteobacteria;Enterobacterales;Enterobacteriaceae;Enterobacter;2;1;0;0;0;1;0;3;0;0;0;0;0;1
98_7395;Eukaryota;Ascomycota;Saccharomycetes;Saccharomycetales;Debaryomycetaceae;Hyphopichia;14;29;7;9;7;3;5;4;2;7;1;7;0;5
98_7504;Eukaryota;NA;NA;NA;NA;NA;1;1;0;0;0;1;0;0;0;0;0;0;0;0
98_756;Bacteria;Proteobacteria;Gammaproteobacteria;Enterobacterales;Pectobacteriaceae;Sodalis;0;2;1;0;0;0;0;1;1;0;0;0;0;0
98_756;Bacteria;Proteobacteria;Gammaproteobacteria;Enterobacterales;Pectobacteriaceae;NA;4;1;1;1;0;0;0;1;0;1;0;0;0;0
98_77;Bacteria;Proteobacteria;Alphaproteobacteria;Rhodospirillales;Acetobacteraceae;Komagataeibacter;6;62;191;445;104;305;378;1303;550;944;502;432;155;804
98_77;Bacteria;Proteobacteria;Alphaproteobacteria;Rhodospirillales;Acetobacteraceae;NA;0;0;0;0;0;0;0;4;1;4;0;0;0;4
98_774;Bacteria;Firmicutes;Bacilli;Bacillales;Bacillaceae;Bacillus;0;0;0;0;0;0;0;0;0;0;0;0;1;1
98_77778;Bacteria;Proteobacteria;Gammaproteobacteria;Enterobacterales;Erwiniaceae;NA;1;0;0;1;0;0;0;0;0;0;0;0;0;0
98_77778;Bacteria;Proteobacteria;Gammaproteobacteria;Enterobacterales;NA;NA;0;0;0;0;0;1;0;1;0;0;0;0;0;0
98_781;Bacteria;Proteobacteria;Gammaproteobacteria;Enterobacterales;Enterobacteriaceae;Klebsiella;2;3;1;3;2;2;0;3;0;3;0;0;0;0
98_781;Bacteria;Proteobacteria;Gammaproteobacteria;Enterobacterales;Enterobacteriaceae;NA;7;12;10;8;9;15;2;2;0;3;0;2;0;1
98_781;Bacteria;Proteobacteria;Gammaproteobacteria;Enterobacterales;NA;NA;1;3;5;5;3;3;0;0;0;1;0;0;0;0
98_78156;Bacteria;Proteobacteria;Gammaproteobacteria;Enterobacterales;NA;NA;1;0;1;0;0;0;0;0;0;0;0;0;0;0
98_78820;Bacteria;Proteobacteria;Alphaproteobacteria;Rhodospirillales;Acetobacteraceae;Acetobacter;0;0;1;0;0;0;0;0;2;1;0;0;0;0
98_78820;Bacteria;Proteobacteria;Alphaproteobacteria;Rhodospirillales;Acetobacteraceae;NA;0;0;4;2;1;2;0;1;0;3;1;1;0;0
98_78823;Bacteria;Proteobacteria;Gammaproteobacteria;Enterobacterales;Enterobacteriaceae;NA;0;2;0;0;0;0;0;0;0;0;0;0;0;0
98_78823;Bacteria;Proteobacteria;Gammaproteobacteria;Enterobacterales;NA;NA;1;2;0;0;3;2;0;0;0;0;0;0;0;0
98_7953;Eukaryota;Ascomycota;Saccharomycetes;Saccharomycetales;Pichiaceae;Pichia;1;0;13;1;37;13;0;1;0;1;5;0;0;2
98_7953;Eukaryota;Ascomycota;Saccharomycetes;Saccharomycetales;Pichiaceae;NA;0;1;3;1;5;1;0;0;0;0;2;0;0;1
98_7953;Eukaryota;Ascomycota;Saccharomycetes;Saccharomycetales;Saccharomycetaceae;Issatchenkia;1;0;1;1;0;0;0;0;0;0;0;0;0;0
98_7953;Eukaryota;Ascomycota;Saccharomycetes;Saccharomycetales;NA;NA;5;38;50;37;74;51;6;5;3;14;28;6;4;4
98_8;Bacteria;Proteobacteria;Gammaproteobacteria;Enterobacterales;Enterobacteriaceae;Salmonella;4;7;1;0;4;4;0;1;0;3;0;0;0;1
98_8;Bacteria;Proteobacteria;Gammaproteobacteria;Enterobacterales;Enterobacteriaceae;NA;1;1;0;1;0;1;0;0;0;1;0;0;0;0
98_80584;Bacteria;Proteobacteria;Alphaproteobacteria;Rhodospirillales;Acetobacteraceae;Gluconobacter;1;2;4;1;1;3;1;0;1;2;0;0;0;0
98_80585;Bacteria;Proteobacteria;Gammaproteobacteria;Enterobacterales;Enterobacteriaceae;NA;0;0;1;1;2;1;0;0;0;0;0;0;0;0
98_8087;Eukaryota;Ascomycota;Eurotiomycetes;Eurotiales;Aspergillaceae;NA;0;0;0;0;2;0;0;0;0;0;0;0;0;0
98_8098;Eukaryota;Basidiomycota;Microbotryomycetes;Sporidiobolales;Sporidiobolaceae;Rhodosporidiobolus;1;8;1;2;0;1;0;0;0;2;0;2;0;3
98_813;Bacteria;Proteobacteria;Gammaproteobacteria;Enterobacterales;Yersiniaceae;Rouxiella;0;0;1;0;1;1;0;0;0;0;0;0;0;0
98_813;Bacteria;Proteobacteria;Gammaproteobacteria;Enterobacterales;Yersiniaceae;NA;2;1;0;0;0;0;0;0;0;0;0;0;0;0
98_813;Bacteria;Proteobacteria;Gammaproteobacteria;Enterobacterales;NA;NA;2;3;1;4;1;3;0;0;0;0;1;1;0;0
98_81322;Bacteria;Proteobacteria;Gammaproteobacteria;Enterobacterales;Enterobacteriaceae;NA;1;0;0;2;0;1;0;0;0;1;0;0;0;0
98_822;Bacteria;Proteobacteria;Alphaproteobacteria;Rhodospirillales;Rhodospirillaceae;Azospirillum;0;0;0;0;0;0;0;0;0;2;0;0;0;0
98_82994;Bacteria;Proteobacteria;Alphaproteobacteria;Rhodospirillales;Acetobacteraceae;Asaia;1;0;0;0;2;3;0;1;1;0;0;0;0;0
98_837;Bacteria;Proteobacteria;Gammaproteobacteria;Enterobacterales;Erwiniaceae;Pantoea;2;0;0;0;0;0;0;0;0;1;0;0;0;0
98_837;Bacteria;Proteobacteria;Gammaproteobacteria;Enterobacterales;Erwiniaceae;NA;11;10;1;3;3;2;0;0;0;1;2;0;0;1
98_84;Bacteria;Proteobacteria;Gammaproteobacteria;Enterobacterales;Enterobacteriaceae;NA;1;11;3;3;3;6;0;2;0;1;0;0;0;0
98_843;Eukaryota;Mucoromycota;Mucorales;Mucorales;Mucoraceae;NA;0;3;2;0;0;1;0;0;0;0;0;0;0;0
98_844;Bacteria;Proteobacteria;Gammaproteobacteria;Enterobacterales;Enterobacteriaceae;NA;6;1;4;0;1;0;0;1;1;2;0;0;0;0
98_844;Bacteria;Proteobacteria;Gammaproteobacteria;Enterobacterales;Erwiniaceae;NA;17;12;23;10;14;17;4;1;0;9;1;0;0;1
98_844;Bacteria;Proteobacteria;Gammaproteobacteria;Enterobacterales;NA;NA;36;21;19;15;24;19;0;4;2;12;4;1;0;3
98_857;Eukaryota;Longamoebia;Longamoebia;Longamoebia;Acanthamoebidae;Acanthamoeba;3;1;0;1;1;3;0;3;3;5;0;1;2;0
98_85907;Bacteria;Proteobacteria;Alphaproteobacteria;Rhodospirillales;Acetobacteraceae;Acetobacter;1;1;306;128;157;156;47;64;105;96;49;19;8;30
98_86028;Bacteria;Proteobacteria;Gammaproteobacteria;Enterobacterales;Enterobacteriaceae;NA;0;0;1;1;1;1;0;0;0;0;0;0;0;0
98_86328;Bacteria;Proteobacteria;Gammaproteobacteria;Enterobacterales;NA;NA;6;6;0;7;1;5;0;0;0;1;0;0;0;0
98_86694;Bacteria;Proteobacteria;Gammaproteobacteria;Enterobacterales;Erwiniaceae;Pantoea;5;5;9;2;6;1;0;0;2;1;0;0;0;0
98_86694;Bacteria;Proteobacteria;Gammaproteobacteria;Enterobacterales;Erwiniaceae;NA;1;0;1;0;0;0;0;0;0;0;0;0;0;0
98_87613;Bacteria;Proteobacteria;Alphaproteobacteria;Rickettsiales;CandidatusMidichloriaceae;NA;3;2;1;1;2;3;0;1;0;0;0;0;0;0
98_885;Bacteria;Proteobacteria;Gammaproteobacteria;Enterobacterales;Enterobacteriaceae;NA;2;6;0;1;2;4;0;0;0;2;1;1;0;1
98_885;Bacteria;Proteobacteria;Gammaproteobacteria;Enterobacterales;NA;NA;12;25;5;10;11;29;0;0;2;13;3;2;0;2
98_9;Bacteria;Proteobacteria;Gammaproteobacteria;Enterobacterales;Enterobacteriaceae;Klebsiella;30;34;17;20;14;32;0;6;2;15;1;3;1;0
98_9;Bacteria;Proteobacteria;Gammaproteobacteria;Enterobacterales;Enterobacteriaceae;NA;9;15;4;7;3;9;0;0;1;2;0;5;0;1
98_9;Eukaryota;Ascomycota;Sordariomycetes;Hypocreales;Hypocreaceae;Trichoderma;6;0;0;0;0;1;0;0;0;0;0;0;0;0
98_9;Eukaryota;Ascomycota;Sordariomycetes;Hypocreales;Nectriaceae;Fusarium;5;9;1;4;4;9;0;0;1;0;0;8;0;1
98_9;Eukaryota;Ascomycota;Sordariomycetes;Hypocreales;NA;NA;1;7;1;0;0;2;0;0;0;3;0;2;0;0
98_9033;Eukaryota;Ascomycota;Saccharomycetes;Saccharomycetales;Pichiaceae;Ogataea;6;22;2;0;0;1;0;0;0;5;1;0;0;0
98_9101;Eukaryota;Ascomycota;Saccharomycetes;Saccharomycetales;Kuraishia;Kuraishia;0;0;0;0;0;0;0;2;0;0;0;0;0;0
98_9103;Eukaryota;Ascomycota;Saccharomycetes;Saccharomycetales;Pichiaceae;Nakazawaea;1;0;1;0;0;0;1;0;2;2;0;1;0;1
98_9104;Eukaryota;Ascomycota;Saccharomycetes;Saccharomycetales;Kuraishia;Kuraishia;0;0;0;0;0;0;0;0;2;0;0;0;0;0
98_9117;Eukaryota;Basidiomycota;Tremellomycetes;Filobasidiales;Filobasidiaceae;NA;0;5;0;0;1;1;0;0;0;0;0;0;0;0
98_9117;Eukaryota;Basidiomycota;Tremellomycetes;Filobasidiales;NA;NA;1;0;0;0;0;0;0;0;1;0;0;0;0;0
98_9155;Eukaryota;Ascomycota;Sordariomycetes;NA;NA;NA;5;0;1;0;1;1;0;1;1;0;0;0;0;0
98_92183;Bacteria;Bacteroidetes;Chitinophagia;Chitinophagales;NA;NA;12;5;3;2;9;6;0;0;0;0;1;0;0;1
98_9289;Bacteria;Proteobacteria;Gammaproteobacteria;Enterobacterales;Enterobacteriaceae;Salmonella;0;2;0;0;2;1;0;0;0;0;0;0;0;0
98_9289;Bacteria;Proteobacteria;Gammaproteobacteria;Enterobacterales;Enterobacteriaceae;NA;0;1;0;0;0;1;0;0;0;0;0;0;0;1
98_9289;Bacteria;Proteobacteria;Gammaproteobacteria;Enterobacterales;NA;NA;1;4;1;0;0;2;0;0;0;0;0;1;0;0
98_93081;Bacteria;Proteobacteria;Alphaproteobacteria;Rhodospirillales;Acetobacteraceae;Acetobacter;0;0;18;13;26;30;43;82;90;68;108;60;67;96
98_93081;Bacteria;Proteobacteria;Alphaproteobacteria;Rhodospirillales;Acetobacteraceae;NA;0;0;2;3;8;3;8;3;10;9;14;7;8;15
98_933;Bacteria;Proteobacteria;Betaproteobacteria;Burkholderiales;Burkholderiaceae;Paraburkholderia;5;0;0;0;1;0;0;0;0;0;0;0;0;0
98_9373;Eukaryota;Chytridiomycota;Chytridiomycetes;Chytridiales;NA;NA;4;2;0;4;1;1;0;2;0;2;1;1;0;0
98_9373;Eukaryota;NA;NA;NA;NA;NA;6;1;0;0;1;2;1;1;0;0;0;0;0;0
98_9421;Eukaryota;Basidiomycota;Microbotryomycetes;NA;NA;NA;4;0;3;1;2;1;0;0;0;0;0;0;0;0
98_96;Bacteria;Proteobacteria;Gammaproteobacteria;Enterobacterales;Enterobacteriaceae;NA;0;0;0;0;0;4;0;0;0;0;0;0;0;0
98_974;Bacteria;Proteobacteria;Alphaproteobacteria;Rhodospirillales;Acetobacteraceae;Kozakia;4;10;41;48;11;23;16;10;15;21;12;9;2;2
98_974;Bacteria;Proteobacteria;Alphaproteobacteria;Rhodospirillales;Acetobacteraceae;NA;3;10;39;27;22;30;34;34;44;35;53;32;29;47
98_97655;Bacteria;Proteobacteria;Alphaproteobacteria;Rhodospirillales;Acetobacteraceae;Acetobacter;1;0;23;8;18;13;6;2;12;5;6;1;1;0
98_97655;Bacteria;Proteobacteria;Alphaproteobacteria;Rhodospirillales;Acetobacteraceae;NA;0;0;5;6;3;4;2;3;6;0;0;0;0;1
98_98772;Bacteria;Proteobacteria;Gammaproteobacteria;Pseudomonadales;Moraxellaceae;Psychrobacter;2;0;1;0;1;1;0;0;0;1;0;0;0;0
98_98772;Bacteria;Proteobacteria;Gammaproteobacteria;Pseudomonadales;Moraxellaceae;NA;2;0;0;0;1;1;1;0;0;0;0;0;0;0
98_98823;Bacteria;Proteobacteria;Gammaproteobacteria;Enterobacterales;Enterobacteriaceae;NA;1;0;1;0;0;0;0;0;0;0;0;0;0;0
98_99272;Bacteria;Proteobacteria;Gammaproteobacteria;Enterobacterales;Enterobacteriaceae;NA;1;0;0;0;1;0;0;0;0;0;0;0;0;0
98_10494;Eukaryota;Basidiomycota;Tremellomycetes;Tremellales;Cryptococcaceae;Kwoniella;0;1;0;1;0;0;0;0;0;0;0;0;0;0
98_106;Eukaryota;Ascomycota;Sordariomycetes;Hypocreales;Nectriaceae;Fusarium;0;2;0;0;0;0;0;0;0;0;0;0;0;0
98_11530;Eukaryota;Ascomycota;Saccharomycetes;Saccharomycetales;NA;NA;0;0;0;0;0;0;0;0;1;1;0;0;0;0
98_1171;Bacteria;Proteobacteria;Alphaproteobacteria;Rhodospirillales;Acetobacteraceae;Komagataeibacter;0;3;5;23;5;17;15;56;26;33;24;16;3;32
98_119063;Bacteria;Proteobacteria;Gammaproteobacteria;Enterobacterales;Enterobacteriaceae;NA;0;2;0;2;1;0;0;0;0;0;0;0;0;0
98_1194;Bacteria;Proteobacteria;Alphaproteobacteria;Rhodospirillales;Rhodospirillaceae;Rhodospirillum;0;1;0;0;1;0;0;0;1;0;0;0;0;0
98_121985;Bacteria;Proteobacteria;Alphaproteobacteria;Rhodospirillales;Acetobacteraceae;Acetobacter;0;0;0;0;6;4;6;21;6;38;28;42;16;37
98_126282;Bacteria;Proteobacteria;Gammaproteobacteria;Enterobacterales;Enterobacteriaceae;NA;0;0;0;2;0;1;0;0;0;2;0;0;0;0
98_1338;Bacteria;Firmicutes;Bacilli;Lactobacillales;Lactobacillaceae;Lactobacillus;0;2;0;0;0;0;0;0;0;0;0;0;3;0
98_136919;Bacteria;Proteobacteria;Alphaproteobacteria;Rhizobiales;NA;NA;0;1;5;3;0;2;2;2;6;2;1;0;2;0
98_136919;Bacteria;Proteobacteria;Alphaproteobacteria;NA;NA;NA;0;0;0;1;1;0;0;2;0;0;1;0;0;0
98_13957;Bacteria;Proteobacteria;Alphaproteobacteria;Rhodospirillales;Acetobacteraceae;Gluconacetobacter;0;2;2;2;1;1;6;21;7;4;5;9;1;9
98_140532;Bacteria;Proteobacteria;Alphaproteobacteria;Rhodospirillales;Acetobacteraceae;NA;0;0;2;2;3;0;0;0;1;1;3;0;1;0
98_143;Eukaryota;Ascomycota;Schizosaccharomycetes;Schizosaccharomycetales;Schizosaccharomycetaceae;Schizosaccharomyces;0;1;2;0;1;2;0;0;0;0;1;0;0;0
98_150785;Bacteria;Proteobacteria;Alphaproteobacteria;Rhodospirillales;Acetobacteraceae;Asaia;0;2;0;0;0;0;0;0;0;0;0;0;0;0
98_150785;Bacteria;Proteobacteria;Alphaproteobacteria;Rhodospirillales;Acetobacteraceae;NA;0;0;1;2;3;0;2;1;1;1;2;3;0;0
98_151482;Bacteria;Proteobacteria;Gammaproteobacteria;Enterobacterales;Enterobacteriaceae;NA;0;0;0;1;0;2;0;0;0;0;0;0;0;0
98_153743;Bacteria;Proteobacteria;Gammaproteobacteria;Enterobacterales;Enterobacteriaceae;NA;0;10;0;0;0;0;0;0;0;0;0;0;0;0
98_1654;Bacteria;Proteobacteria;Gammaproteobacteria;Enterobacterales;Yersiniaceae;Rahnella;0;3;0;0;0;0;0;0;0;0;0;0;0;0
98_1825;Bacteria;Proteobacteria;Alphaproteobacteria;Rhodospirillales;Rhodospirillaceae;Novispirillum;0;3;0;0;0;1;0;1;0;1;0;0;0;0
98_18967;Eukaryota;Basidiomycota;NA;NA;NA;NA;0;4;0;0;0;2;0;0;0;1;0;0;0;0
98_2069;Eukaryota;Ascomycota;Saccharomycetes;Saccharomycetales;Candida;Candida;0;0;2;0;0;0;0;1;0;0;0;0;0;0
98_21461;Eukaryota;Ascomycota;Saccharomycetes;Saccharomycetales;Dipodascaceae;Dipodascus;0;0;1;0;0;1;2;0;0;0;0;0;0;0
98_21462;Eukaryota;Ascomycota;Saccharomycetes;Saccharomycetales;Dipodascaceae;Dipodascus;0;0;1;0;1;2;1;0;0;0;2;0;0;0
98_217;Bacteria;Proteobacteria;Gammaproteobacteria;Enterobacterales;Morganellaceae;Morganella;0;1;0;2;1;2;0;1;0;0;0;1;0;0
98_2185;Bacteria;Firmicutes;Bacilli;Lactobacillales;Lactobacillaceae;Lactobacillus;0;0;0;0;1;0;0;0;0;0;14;3;30;4
98_24338;Eukaryota;Ascomycota;Saccharomycetes;Saccharomycetales;NA;NA;0;1;3;1;0;0;0;0;1;0;0;0;0;0
98_24434;Eukaryota;Cercomonadida;Cercomonadida;Cercomonadida;Sainouridae;Cholamonas;0;3;0;0;0;2;0;0;0;0;0;0;0;0
98_25113;Eukaryota;Ascomycota;Saccharomycetes;Saccharomycetales;Pichiaceae;Pichia;0;2;1;0;1;1;0;0;1;0;0;0;0;0
98_2574;Bacteria;Firmicutes;Bacilli;Lactobacillales;Lactobacillaceae;Lactobacillus;0;6;0;2;1;10;0;0;0;1;0;0;0;1
98_2866;Eukaryota;NA;NA;NA;NA;NA;0;1;1;0;1;0;0;0;0;0;0;0;0;0
98_29564;Bacteria;Proteobacteria;Alphaproteobacteria;Rhodospirillales;NA;NA;0;1;0;0;0;0;0;0;0;0;0;0;0;1
98_3093;Bacteria;Proteobacteria;Gammaproteobacteria;Pseudomonadales;Pseudomonadaceae;Pseudomonas;0;0;0;0;0;0;2;0;0;0;0;0;0;0
98_3429;Bacteria;Proteobacteria;Gammaproteobacteria;Pasteurellales;Pasteurellaceae;Mannheimia;0;0;0;1;1;0;0;2;0;0;0;0;0;0
98_345;Bacteria;Firmicutes;Bacilli;Bacillales;Paenibacillaceae;Paenibacillus;0;2;0;1;0;1;0;0;0;1;0;0;0;0
98_38975;Bacteria;Proteobacteria;Gammaproteobacteria;Enterobacterales;Enterobacteriaceae;Klebsiella;0;2;0;0;0;0;0;0;0;0;0;0;0;0
98_38975;Bacteria;Proteobacteria;Gammaproteobacteria;Enterobacterales;Enterobacteriaceae;NA;0;2;0;0;0;0;0;0;0;0;0;0;0;0
98_4349;Eukaryota;Ascomycota;Saccharomycetes;Saccharomycetales;Pichiaceae;Pichia;0;0;4;6;0;0;0;0;0;0;1;0;0;0
98_4385;Eukaryota;Ascomycota;Saccharomycetes;Saccharomycetales;Starmerella;Starmerella;0;2;0;0;0;0;0;0;0;0;0;0;0;0
98_4499;Bacteria;Firmicutes;Clostridia;Clostridiales;Ruminococcaceae;Ruminococcus;0;0;0;0;0;0;2;1;0;1;0;0;0;0
98_4634;Bacteria;Proteobacteria;Gammaproteobacteria;Pasteurellales;Pasteurellaceae;NA;0;1;0;0;0;0;0;1;2;0;0;0;0;0
98_5147;Bacteria;Proteobacteria;Alphaproteobacteria;Rhodospirillales;Rhodospirillaceae;Rhodospirillum;0;1;5;1;0;4;0;2;0;0;0;0;0;0
98_5294;Eukaryota;Basidiomycota;Microbotryomycetes;Sporidiobolales;Sporidiobolaceae;Rhodotorula;0;1;0;0;0;1;0;1;0;0;0;0;0;0
98_54107;Bacteria;Proteobacteria;Alphaproteobacteria;Rhodospirillales;Acetobacteraceae;Acetobacter;0;0;1;0;1;2;5;11;21;25;21;14;21;20
98_5491;Eukaryota;Basidiomycota;Tremellomycetes;Tremellales;Bulleribasidiaceae;NA;0;1;0;1;1;2;0;0;0;0;0;2;0;1
98_553;Bacteria;Actinobacteria;Actinobacteria;Micrococcales;Microbacteriaceae;Curtobacterium;0;1;2;0;0;1;2;0;0;1;0;1;0;0
98_5687;Eukaryota;Ascomycota;NA;NA;NA;NA;0;0;0;0;0;1;1;0;0;0;0;1;0;0
98_5964;Eukaryota;Bacillariophyta;NA;NA;NA;NA;0;1;0;0;0;0;0;0;0;0;1;2;0;0
98_6079;Bacteria;Proteobacteria;Gammaproteobacteria;Chromatiales;Ectothiorhodospiraceae;Thioalkalivibrio;0;2;7;5;11;3;3;3;8;7;14;2;6;2
98_6913;Eukaryota;Colpodellidae;Colpodellidae;Colpodellidae;NA;NA;0;0;0;0;0;2;0;0;0;0;0;2;0;0
98_6977;Bacteria;Proteobacteria;Alphaproteobacteria;Caulobacterales;Caulobacteraceae;Asticcacaulis;0;0;0;0;0;0;0;0;5;1;0;0;0;0
98_77410;Bacteria;Proteobacteria;Alphaproteobacteria;Rhodospirillales;Acetobacteraceae;Komagataeibacter;0;2;7;31;0;13;16;62;20;37;15;17;4;30
98_8337;Bacteria;Actinobacteria;Actinobacteria;Micrococcales;Micrococcaceae;Kocuria;0;2;0;0;0;0;0;0;0;0;0;0;0;0
98_8673;Eukaryota;NA;NA;NA;NA;NA;0;0;0;3;0;0;0;1;0;3;0;0;0;0
98_112;Bacteria;Bacteroidetes;Bacteroidia;Bacteroidales;Bacteroidaceae;Bacteroides;0;0;0;0;0;0;7;0;7;0;0;0;0;0
98_121386;Bacteria;Proteobacteria;Alphaproteobacteria;Rhodospirillales;Acetobacteraceae;Acetobacter;0;0;0;3;16;15;37;79;43;98;138;78;94;84
98_127318;Bacteria;Firmicutes;Bacilli;Bacillales;Paenibacillaceae;Brevibacillus;0;0;2;0;0;0;0;0;0;0;0;0;0;0
98_137;Eukaryota;Ascomycota;NA;NA;NA;NA;0;0;0;0;0;0;0;2;0;0;0;0;0;0
98_13958;Bacteria;Proteobacteria;Alphaproteobacteria;Rhodospirillales;Acetobacteraceae;NA;0;0;0;0;0;0;0;1;1;1;0;0;0;1
98_143170;Bacteria;Proteobacteria;Alphaproteobacteria;Rhodospirillales;Acetobacteraceae;Acetobacter;0;0;1;0;5;5;7;18;7;35;33;32;17;24
98_14709;Eukaryota;Ascomycota;Saccharomycetes;Saccharomycetales;Dipodascaceae;Dipodascus;0;0;1;0;0;1;0;0;0;0;0;0;0;0
98_1483;Bacteria;Proteobacteria;Alphaproteobacteria;Rhodospirillales;Acetobacteraceae;Acidiphilium;0;0;0;1;0;0;0;2;0;0;0;0;2;2
98_15544;Eukaryota;Thaumatomonadida;Thaumatomonadida;Thaumatomonadida;NA;NA;0;0;1;0;0;0;0;0;0;0;0;0;0;1
98_16062;Bacteria;Proteobacteria;Gammaproteobacteria;Cellvibrionales;Cellvibrionaceae;NA;0;0;1;2;0;0;0;0;0;0;0;0;0;0
98_16098;Bacteria;NA;NA;NA;NA;NA;0;0;2;0;0;0;0;0;0;0;0;0;0;0
98_2120;Bacteria;Firmicutes;Bacilli;Lactobacillales;Lactobacillaceae;Lactobacillus;0;0;1;0;2;2;0;0;0;2;43;9;87;8
98_2130;Bacteria;Proteobacteria;Alphaproteobacteria;Rhizobiales;Bradyrhizobiaceae;Bosea;0;0;0;0;0;0;0;0;0;0;1;1;0;0
98_21685;Bacteria;Proteobacteria;Alphaproteobacteria;Rhodospirillales;Acetobacteraceae;NA;0;0;3;0;0;0;0;0;0;0;0;0;0;0
98_23942;Eukaryota;Ascomycota;Saccharomycetes;Saccharomycetales;NA;NA;0;0;0;0;0;0;0;0;0;0;0;0;2;0
98_26082;Bacteria;Proteobacteria;Alphaproteobacteria;Rhodospirillales;Acetobacteraceae;Komagataeibacter;0;0;1;3;2;1;1;6;18;6;8;1;0;5
98_26884;Bacteria;NA;NA;NA;NA;NA;0;0;1;1;0;1;0;1;0;2;1;0;0;1
98_295;Bacteria;Proteobacteria;Alphaproteobacteria;Rhodospirillales;Rhodospirillaceae;Thalassospira;0;0;3;1;2;2;1;10;1;22;8;8;8;12
98_3029;Bacteria;Bacteroidetes;Bacteroidia;Bacteroidales;Bacteroidaceae;Bacteroides;0;0;1;0;0;0;0;0;0;1;0;0;0;0
98_3562;Eukaryota;Ascomycota;Saccharomycetes;Saccharomycetales;Dipodascaceae;Geotrichum;0;0;0;0;0;6;0;1;0;0;0;0;0;1
98_36516;Bacteria;Proteobacteria;Alphaproteobacteria;Rhodospirillales;Acetobacteraceae;NA;0;0;1;0;1;0;0;1;4;0;0;0;0;0
98_407;Bacteria;Proteobacteria;Gammaproteobacteria;Pasteurellales;Pasteurellaceae;Pasteurella;0;0;0;0;1;0;0;0;0;0;0;1;0;0
98_4330;Bacteria;Proteobacteria;Alphaproteobacteria;Rhodospirillales;Acetobacteraceae;Acetobacter;0;0;0;0;4;2;7;6;7;10;7;6;0;1
98_4330;Bacteria;Proteobacteria;Alphaproteobacteria;Rhodospirillales;Acetobacteraceae;NA;0;0;3;1;4;1;5;22;15;26;25;29;15;20
98_4960;Bacteria;Proteobacteria;Alphaproteobacteria;Rhodospirillales;Rhodospirillaceae;Phaeospirillum;0;0;1;0;0;0;0;0;2;4;1;0;0;1
98_525;Bacteria;Firmicutes;Bacilli;Lactobacillales;Lactobacillaceae;Lactobacillus;0;0;1;0;6;1;7;10;14;11;58;16;33;10
98_54108;Bacteria;Proteobacteria;Alphaproteobacteria;Rhodospirillales;Acetobacteraceae;Acetobacter;0;0;0;0;2;3;2;5;2;13;11;11;5;5
98_54108;Bacteria;Proteobacteria;Alphaproteobacteria;Rhodospirillales;Acetobacteraceae;NA;0;0;0;0;0;0;2;1;1;3;4;1;3;1
98_5514;Bacteria;Proteobacteria;Gammaproteobacteria;Oceanospirillales;Halomonadaceae;NA;0;0;1;0;1;0;0;0;0;0;0;0;0;0
98_5520;Bacteria;Proteobacteria;Alphaproteobacteria;Rhodospirillales;Acetobacteraceae;Belnapia;0;0;0;1;1;0;1;0;2;2;3;1;3;0
98_5520;Bacteria;Proteobacteria;Alphaproteobacteria;Rhodospirillales;Acetobacteraceae;NA;0;0;0;1;0;1;2;1;4;3;2;4;9;2
98_59032;Bacteria;NA;NA;NA;NA;NA;0;0;0;1;1;0;0;2;0;0;0;0;0;0
98_60115;Bacteria;NA;NA;NA;NA;NA;0;0;1;0;0;1;0;0;0;0;0;0;0;0
98_6330;Bacteria;Proteobacteria;Alphaproteobacteria;Rhodospirillales;Rhodospirillaceae;NA;0;0;4;2;1;2;2;4;4;1;2;0;3;0
98_6596;Bacteria;Proteobacteria;Alphaproteobacteria;Rhodospirillales;Rhodospirillaceae;NA;0;0;1;0;0;0;0;1;0;0;1;1;0;0
98_67536;Bacteria;Proteobacteria;Alphaproteobacteria;Rhodospirillales;Acetobacteraceae;NA;0;0;0;0;0;1;1;1;1;0;0;0;0;0
98_68945;Bacteria;Proteobacteria;Alphaproteobacteria;Rhodospirillales;Acetobacteraceae;NA;0;0;1;0;0;0;0;0;0;1;1;1;0;0
98_70419;Bacteria;Proteobacteria;Alphaproteobacteria;Rhodospirillales;Acetobacteraceae;NA;0;0;0;0;0;0;0;0;3;1;0;3;3;1
98_85906;Bacteria;Proteobacteria;Alphaproteobacteria;Rhodospirillales;Acetobacteraceae;Acetobacter;0;0;0;0;0;0;0;1;1;2;1;1;2;2
98_118973;Bacteria;Proteobacteria;Alphaproteobacteria;Rhodospirillales;Acetobacteraceae;Acetobacter;0;0;0;1;0;1;0;3;4;4;1;5;2;2
98_118973;Bacteria;Proteobacteria;Alphaproteobacteria;Rhodospirillales;Acetobacteraceae;NA;0;0;0;0;0;0;0;0;0;0;1;0;0;2
98_1200;Bacteria;Proteobacteria;Alphaproteobacteria;Pelagibacterales;Pelagibacteraceae;NA;0;0;0;0;1;1;0;0;0;0;0;0;0;0
98_242;Bacteria;Bacteroidetes;Flavobacteriia;Flavobacteriales;Flavobacteriaceae;Elizabethkingia;0;0;0;0;0;0;0;0;0;0;0;0;0;2
98_25556;Eukaryota;Kinetoplastida;Kinetoplastida;Kinetoplastida;NA;NA;0;0;0;1;1;0;0;0;0;1;0;1;0;0
98_2937;Eukaryota;Ascomycota;Sordariomycetes;Xylariales;Amphisphaeriaceae;Pestalosphaeria;0;0;0;0;0;0;1;0;0;1;0;0;0;0
98_2937;Eukaryota;Ascomycota;Sordariomycetes;Xylariales;Amphisphaeriaceae;NA;0;0;0;0;2;0;0;0;0;0;0;0;0;0
98_36330;Bacteria;Proteobacteria;Alphaproteobacteria;Rhodospirillales;Acetobacteraceae;Acidiphilium;0;0;0;0;0;0;0;3;0;0;2;0;0;2
98_3946;Bacteria;Proteobacteria;Alphaproteobacteria;Rhizobiales;Phyllobacteriaceae;NA;0;0;0;1;0;2;4;7;16;13;20;7;7;10
98_557;Bacteria;Proteobacteria;Alphaproteobacteria;Rhodospirillales;Acetobacteraceae;Acidiphilium;0;0;0;0;0;0;0;0;0;0;0;2;0;0
98_6177;Bacteria;Proteobacteria;Alphaproteobacteria;Rhodospirillales;Acetobacteraceae;Acetobacter;0;0;0;1;1;0;0;0;0;0;0;0;0;0
98_675;Bacteria;Proteobacteria;Alphaproteobacteria;Rhizobiales;NA;NA;0;0;0;0;0;2;0;0;0;0;0;0;0;0
98_78135;Bacteria;NA;NA;NA;NA;NA;0;0;0;0;0;1;3;0;4;3;4;0;3;4
98_81433;Bacteria;NA;NA;NA;NA;NA;0;0;0;1;0;0;0;0;1;0;0;0;1;0
98_88498;Bacteria;Proteobacteria;Alphaproteobacteria;NA;NA;NA;0;0;0;1;4;3;7;7;1;9;16;5;7;16
98_99;Eukaryota;Arthropoda;Insecta;Diptera;Drosophilidae;NA;0;0;0;3;0;0;0;0;0;0;0;0;0;0
98_108311;Bacteria;Firmicutes;Bacilli;Lactobacillales;Lactobacillaceae;Lactobacillus;0;0;0;0;0;0;0;0;0;0;0;0;2;0
98_138331;Bacteria;Proteobacteria;Alphaproteobacteria;Rhizobiales;Hyphomicrobiaceae;NA;0;0;0;0;1;0;1;4;3;1;14;4;13;7
98_138331;Bacteria;Proteobacteria;Alphaproteobacteria;Rhizobiales;NA;NA;0;0;0;0;0;0;0;3;0;0;2;1;0;1
98_1396;Bacteria;Firmicutes;Bacilli;Lactobacillales;Lactobacillaceae;Lactobacillus;0;0;0;0;2;0;0;0;0;0;0;0;2;1
98_14476;Eukaryota;Ascomycota;Pezizomycetes;Pezizales;Pezizaceae;NA;0;0;0;0;2;0;0;0;0;0;0;0;0;0
98_163788;Bacteria;Proteobacteria;Alphaproteobacteria;Rhodospirillales;Acetobacteraceae;Acetobacter;0;0;0;0;4;4;10;28;19;42;59;37;24;33
98_25079;Eukaryota;Ascomycota;NA;NA;NA;NA;0;0;0;0;2;0;0;0;0;0;0;0;0;0
98_29069;Bacteria;Firmicutes;Bacilli;Lactobacillales;Lactobacillaceae;NA;0;0;0;0;0;0;0;0;0;0;2;2;5;0
98_4593;Bacteria;Proteobacteria;Alphaproteobacteria;Rhodospirillales;Rhodospirillaceae;Thalassobaculum;0;0;0;0;2;0;0;1;1;0;2;1;1;0
98_5120;Bacteria;Proteobacteria;Gammaproteobacteria;Alteromonadales;Alteromonadaceae;Alteromonas;0;0;0;0;2;0;0;0;0;0;0;0;0;0
98_53468;Bacteria;Proteobacteria;Gammaproteobacteria;Enterobacterales;Enterobacteriaceae;NA;0;0;0;0;0;1;0;2;0;0;0;0;0;0
98_55358;Bacteria;Firmicutes;Bacilli;Lactobacillales;Lactobacillaceae;NA;0;0;0;0;5;2;0;0;0;0;61;18;116;8
98_5555;Eukaryota;Mucoromycota;Mucorales;Mucorales;NA;NA;0;0;0;0;0;0;0;0;1;0;0;0;0;1
98_6372;Bacteria;Firmicutes;Bacilli;Lactobacillales;Lactobacillaceae;Lactobacillus;0;0;0;0;0;0;0;0;0;0;1;0;3;0
98_64146;Bacteria;Firmicutes;Bacilli;Lactobacillales;Lactobacillaceae;Lactobacillus;0;0;0;0;2;0;0;0;0;1;10;1;19;1
98_87867;Bacteria;Firmicutes;Bacilli;Lactobacillales;Lactobacillaceae;Lactobacillus;0;0;0;0;0;0;0;0;0;0;2;0;2;1
98_96740;Bacteria;Proteobacteria;Alphaproteobacteria;CandidatusPuniceispirillum;NA;NA;0;0;0;0;3;2;3;2;8;6;5;3;8;2
98_189;Bacteria;Firmicutes;Bacilli;Lactobacillales;Lactobacillaceae;Lactobacillus;0;0;0;0;0;0;0;0;0;0;0;1;10;0
98_367;Bacteria;Proteobacteria;Gammaproteobacteria;Pasteurellales;Pasteurellaceae;Haemophilus;0;0;0;0;0;1;0;2;0;2;0;0;0;0
98_5145;Bacteria;Proteobacteria;Betaproteobacteria;Neisseriales;Chromobacteriaceae;NA;0;0;0;0;0;1;0;2;0;1;0;0;0;1
98_591;Bacteria;Actinobacteria;Actinobacteria;Propionibacteriales;Propionibacteriaceae;Cutibacterium;0;0;0;0;0;1;0;0;0;0;1;0;0;0
98_593;Bacteria;Firmicutes;Bacilli;Lactobacillales;Lactobacillaceae;Lactobacillus;0;0;0;0;0;0;0;0;0;0;1;1;1;0
98_6256;Bacteria;Firmicutes;Bacilli;Lactobacillales;Lactobacillaceae;Lactobacillus;0;0;0;0;0;1;0;0;0;0;0;0;6;0
98_70451;Bacteria;NA;NA;NA;NA;NA;0;0;0;0;0;2;1;4;4;5;8;1;1;8
98_9041;Eukaryota;Dinophyceae;Dinophyceae;NA;NA;NA;0;0;0;0;0;1;0;0;0;0;0;2;0;0
98_92876;Bacteria;Proteobacteria;Alphaproteobacteria;Rhodospirillales;Acetobacteraceae;Gluconacetobacter;0;0;0;0;0;0;1;0;0;4;0;1;0;5
98_92876;Bacteria;Proteobacteria;Alphaproteobacteria;Rhodospirillales;Acetobacteraceae;NA;0;0;0;0;0;0;1;0;0;0;0;0;0;1
98_9405;Bacteria;Firmicutes;Clostridia;Clostridiales;Lachnospiraceae;NA;0;0;0;0;0;0;0;1;1;0;0;0;0;0
98_1098;Bacteria;Proteobacteria;Alphaproteobacteria;Caulobacterales;Caulobacteraceae;Caulobacter;0;0;0;0;0;0;2;1;4;0;0;0;0;0
98_113052;Bacteria;Bacteroidetes;Bacteroidia;Bacteroidales;NA;NA;0;0;0;0;0;0;2;1;2;0;0;0;0;0
98_114405;Bacteria;Proteobacteria;Alphaproteobacteria;Sphingomonadales;Sphingomonadaceae;NA;0;0;0;0;0;0;1;1;0;0;0;0;0;0
98_1172;Bacteria;Proteobacteria;Alphaproteobacteria;Sphingomonadales;Sphingomonadaceae;Sphingobium;0;0;0;0;0;0;1;0;1;0;0;0;0;0
98_1185;Bacteria;Proteobacteria;Alphaproteobacteria;Sphingomonadales;Sphingomonadaceae;Sphingobium;0;0;0;0;0;0;0;2;0;0;0;0;0;0
98_1187;Bacteria;Proteobacteria;Alphaproteobacteria;Sphingomonadales;Sphingomonadaceae;Novosphingobium;0;0;0;0;0;0;1;1;0;0;0;0;0;0
98_1240;Bacteria;Proteobacteria;Alphaproteobacteria;Sphingomonadales;Sphingomonadaceae;Sphingomonas;0;0;0;0;0;0;4;1;0;0;0;0;0;0
98_1288;Bacteria;Firmicutes;Bacilli;Bacillales;Bacillaceae;Bacillus;0;0;0;0;0;0;1;0;0;0;3;1;41;0
98_18288;Eukaryota;NA;NA;NA;NA;NA;0;0;0;0;0;0;5;0;0;0;0;0;0;0
98_2081;Bacteria;Firmicutes;Clostridia;Clostridiales;Ruminococcaceae;Ruminiclostridium;0;0;0;0;0;0;1;1;0;0;0;0;0;0
98_236;Bacteria;Proteobacteria;Alphaproteobacteria;Caulobacterales;Caulobacteraceae;Brevundimonas;0;0;0;0;0;0;19;14;62;7;0;0;0;0
98_236;Bacteria;Proteobacteria;Alphaproteobacteria;Caulobacterales;Caulobacteraceae;NA;0;0;0;0;0;0;1;0;1;0;0;0;0;0
98_23619;Bacteria;Proteobacteria;Gammaproteobacteria;Enterobacterales;NA;NA;0;0;0;0;0;0;3;0;0;0;0;0;0;0
98_2483;Bacteria;Proteobacteria;Alphaproteobacteria;Caulobacterales;Caulobacteraceae;Brevundimonas;0;0;0;0;0;0;1;1;1;0;0;1;0;0
98_25347;Eukaryota;Ascomycota;NA;NA;NA;NA;0;0;0;0;0;0;0;0;2;0;0;0;0;0
98_3026;Bacteria;Proteobacteria;Gammaproteobacteria;Pseudomonadales;Moraxellaceae;Moraxella;0;0;0;0;0;0;11;6;2;1;0;0;0;0
98_3149;Bacteria;Proteobacteria;Alphaproteobacteria;Rhizobiales;Methylocystaceae;Pleomorphomonas;0;0;0;0;0;0;2;1;4;0;0;0;0;0
98_32942;Bacteria;Proteobacteria;Betaproteobacteria;Burkholderiales;Oxalobacteraceae;NA;0;0;0;0;0;0;1;0;1;0;0;0;0;0
98_3552;Bacteria;Proteobacteria;Alphaproteobacteria;Rhodobacterales;Rhodobacteraceae;Paracoccus;0;0;0;0;0;0;2;0;0;0;0;0;0;0
98_41391;Bacteria;Proteobacteria;Alphaproteobacteria;Rhodospirillales;Acetobacteraceae;NA;0;0;0;0;0;0;0;0;0;0;1;1;0;0
98_4197;Bacteria;Proteobacteria;Alphaproteobacteria;Rhizobiales;Bradyrhizobiaceae;NA;0;0;0;0;0;0;3;1;4;2;0;0;0;0
98_4213;Bacteria;Proteobacteria;Betaproteobacteria;Burkholderiales;Sutterellaceae;Sutterella;0;0;0;0;0;0;1;1;0;1;0;0;0;0
98_4425;Bacteria;Proteobacteria;Gammaproteobacteria;Cellvibrionales;Cellvibrionaceae;Cellvibrio;0;0;0;0;0;0;2;0;0;0;0;0;0;0
98_5373;Bacteria;Proteobacteria;Alphaproteobacteria;Caulobacterales;Caulobacteraceae;Brevundimonas;0;0;0;0;0;0;1;0;1;0;0;0;1;0
98_5539;Bacteria;Bacteroidetes;Bacteroidia;Bacteroidales;Bacteroidaceae;NA;0;0;0;0;0;0;1;0;0;1;0;0;0;0
98_5731;Bacteria;Firmicutes;Clostridia;Clostridiales;Oscillospiraceae;NA;0;0;0;0;0;0;0;1;0;2;0;0;0;0
98_61226;Bacteria;Proteobacteria;Alphaproteobacteria;NA;NA;NA;0;0;0;0;0;0;1;0;1;0;0;0;0;0
98_627;Bacteria;Proteobacteria;Alphaproteobacteria;Rhizobiales;Aurantimonadaceae;Martelella;0;0;0;0;0;0;7;1;10;4;0;0;0;0
98_6436;Bacteria;Proteobacteria;Alphaproteobacteria;Caulobacterales;Caulobacteraceae;Asticcacaulis;0;0;0;0;0;0;1;0;5;1;0;0;0;0
98_83152;Bacteria;Proteobacteria;Alphaproteobacteria;Rhodospirillales;Acetobacteraceae;Asaia;0;0;0;0;0;0;0;0;2;0;0;0;0;1
98_86926;Bacteria;Firmicutes;Clostridia;Clostridiales;Oscillospiraceae;NA;0;0;0;0;0;0;2;0;0;0;0;0;0;0
98_10535;Eukaryota;NA;NA;NA;NA;NA;0;0;0;0;0;0;0;2;0;0;0;0;0;0
98_108740;Bacteria;Proteobacteria;Gammaproteobacteria;Legionellales;Coxiellaceae;NA;0;0;0;0;0;0;0;2;0;0;0;0;0;0
98_114182;Bacteria;Proteobacteria;Gammaproteobacteria;Pasteurellales;Pasteurellaceae;Actinobacillus;0;0;0;0;0;0;0;1;0;1;1;0;0;0
98_1152;Bacteria;Actinobacteria;Coriobacteriia;Coriobacteriales;Coriobacteriaceae;Collinsella;0;0;0;0;0;0;0;1;1;0;0;0;0;0
98_126851;Bacteria;NA;NA;NA;NA;NA;0;0;0;0;0;0;0;2;2;0;1;0;0;0
98_1272;Bacteria;Bacteroidetes;Bacteroidia;Bacteroidales;Bacteroidaceae;Bacteroides;0;0;0;0;0;0;0;2;1;0;0;0;0;0
98_155789;Bacteria;Proteobacteria;Alphaproteobacteria;Rhodospirillales;Acetobacteraceae;NA;0;0;0;0;0;0;0;1;1;0;0;0;0;0
98_15725;Eukaryota;Ascomycota;NA;NA;NA;NA;0;0;0;0;0;0;0;1;0;0;0;1;0;0
98_16943;Eukaryota;Oomycetes;Oomycetes;NA;NA;NA;0;0;0;0;0;0;0;2;0;0;0;0;0;0
98_18103;Eukaryota;Ascomycota;NA;NA;NA;NA;0;0;0;0;0;0;0;2;0;0;0;0;0;0
98_1919;Eukaryota;NA;NA;NA;NA;NA;0;0;0;0;0;0;0;2;0;0;0;0;0;0
98_2750;Bacteria;Bacteroidetes;Bacteroidia;Bacteroidales;Bacteroidaceae;Bacteroides;0;0;0;0;0;0;0;1;1;0;0;0;0;0
98_279;Eukaryota;Dinophyceae;Dinophyceae;NA;NA;NA;0;0;0;0;0;0;0;2;0;0;0;0;0;0
98_34658;Bacteria;Firmicutes;Clostridia;Clostridiales;Lachnospiraceae;Butyrivibrio;0;0;0;0;0;0;0;1;1;0;0;0;0;0
98_3979;Bacteria;Firmicutes;Bacilli;Bacillales;Bacillaceae;Bacillus;0;0;0;0;0;0;0;0;0;9;10;4;152;3
98_3979;Bacteria;Firmicutes;Bacilli;Bacillales;Bacillaceae;NA;0;0;0;0;0;0;0;0;0;0;0;0;2;0
98_3979;Bacteria;Firmicutes;Bacilli;Bacillales;NA;NA;0;0;0;0;0;0;0;2;0;1;0;1;6;0
98_4493;Eukaryota;Ascomycota;Saccharomycetes;Saccharomycetales;NA;NA;0;0;0;0;0;0;0;0;2;0;0;0;0;0
98_524;Bacteria;Bacteroidetes;Bacteroidia;Bacteroidales;Tannerellaceae;Parabacteroides;0;0;0;0;0;0;0;1;1;1;0;0;0;0
98_5524;Eukaryota;NA;NA;NA;NA;NA;0;0;0;0;0;0;0;1;1;0;0;0;0;0
98_6059;Bacteria;Bacteroidetes;Bacteroidia;Bacteroidales;Barnesiellaceae;Barnesiella;0;0;0;0;0;0;0;1;1;0;0;0;0;0
98_6351;Bacteria;Bacteroidetes;Bacteroidia;Bacteroidales;Rikenellaceae;NA;0;0;0;0;0;0;0;2;0;0;0;0;0;0
98_731;Bacteria;Bacteroidetes;Bacteroidia;Bacteroidales;Bacteroidaceae;Bacteroides;0;0;0;0;0;0;0;1;0;1;0;0;0;0
98_9532;Eukaryota;NA;NA;NA;NA;NA;0;0;0;0;0;0;0;1;0;0;0;0;0;1
98_108926;Bacteria;Bacteroidetes;Bacteroidia;Bacteroidales;NA;NA;0;0;0;0;0;0;0;0;2;0;0;0;0;0
98_117201;Bacteria;Proteobacteria;Alphaproteobacteria;Rhodobacterales;Rhodobacteraceae;Paracoccus;0;0;0;0;0;0;0;0;1;1;3;0;0;1
98_117201;Bacteria;Proteobacteria;Alphaproteobacteria;Rhodobacterales;Rhodobacteraceae;NA;0;0;0;0;0;0;0;0;1;0;2;0;0;0
98_119046;Bacteria;Actinobacteria;Actinobacteria;Micrococcales;Micrococcaceae;Kocuria;0;0;0;0;0;0;0;0;2;0;0;0;0;0
98_144802;Eukaryota;Bacillariophyta;Bacillariophyceae;Bacillariales;Bacillariaceae;NA;0;0;0;0;0;0;0;0;2;0;0;0;0;0
98_15345;Bacteria;Firmicutes;Clostridia;Clostridiales;Oscillospiraceae;Oscillibacter;0;0;0;0;0;0;0;0;1;1;0;0;0;0
98_17343;Eukaryota;NA;NA;NA;NA;NA;0;0;0;0;0;0;0;0;2;0;0;0;0;0
98_1785;Bacteria;Bacteroidetes;Bacteroidia;Bacteroidales;Rikenellaceae;Alistipes;0;0;0;0;0;0;0;0;2;0;0;0;0;0
98_2061;Bacteria;Bacteroidetes;Bacteroidia;Bacteroidales;Bacteroidaceae;Bacteroides;0;0;0;0;0;0;0;0;1;1;0;0;0;0
98_22982;Eukaryota;Chytridiomycota;Chytridiomycetes;Spizellomycetales;NA;NA;0;0;0;0;0;0;0;0;0;0;0;0;0;2
98_24239;Eukaryota;Ascomycota;Sordariomycetes;Hypocreales;Clavicipitaceae;Metarhizium;0;0;0;0;0;0;0;0;2;0;0;0;0;0
98_3813;Bacteria;Firmicutes;Clostridia;Clostridiales;Eubacteriaceae;Eubacterium;0;0;0;0;0;0;0;0;1;3;0;0;0;0
98_48470;Bacteria;Proteobacteria;Gammaproteobacteria;Pseudomonadales;Moraxellaceae;Moraxella;0;0;0;0;0;0;0;0;2;0;0;0;0;0
98_5764;Bacteria;Firmicutes;Bacilli;Bacillales;Bacillaceae;Bacillus;0;0;0;0;0;0;0;0;1;0;0;0;1;0
98_5764;Bacteria;NA;NA;NA;NA;NA;0;0;0;0;0;0;0;0;0;0;0;0;2;0
98_6888;Eukaryota;NA;NA;NA;NA;NA;0;0;0;0;0;0;0;0;3;0;0;0;0;0
98_68888;Bacteria;Firmicutes;Clostridia;Clostridiales;NA;NA;0;0;0;0;0;0;0;0;2;0;0;0;0;0
98_81318;Bacteria;Bacteroidetes;Bacteroidia;Bacteroidales;Tannerellaceae;NA;0;0;0;0;0;0;0;0;3;1;0;0;0;0
98_98505;Bacteria;Proteobacteria;Gammaproteobacteria;Alteromonadales;Shewanellaceae;Shewanella;0;0;0;0;0;0;0;0;2;0;0;0;0;0
98_107;Bacteria;Proteobacteria;Gammaproteobacteria;Pseudomonadales;Pseudomonadaceae;Pseudomonas;0;0;0;0;0;0;0;0;0;2;0;0;0;0
98_1376;Bacteria;Firmicutes;Clostridia;Clostridiales;Clostridiaceae;CandidatusArthromitus;0;0;0;0;0;0;0;0;0;2;0;0;0;0
98_2762;Bacteria;Firmicutes;Bacilli;Bacillales;Bacillaceae;Bacillus;0;0;0;0;0;0;0;0;0;0;0;0;14;0
98_3765;Bacteria;Firmicutes;Bacilli;Lactobacillales;Lactobacillaceae;Lactobacillus;0;0;0;0;0;0;0;0;0;2;1;0;3;0
98_6544;Bacteria;Firmicutes;Bacilli;Bacillales;Bacillaceae;NA;0;0;0;0;0;0;0;0;0;0;0;0;4;0
98_895;Bacteria;Firmicutes;Bacilli;Bacillales;Paenibacillaceae;Aneurinibacillus;0;0;0;0;0;0;0;0;0;0;0;0;2;0
98_895;Bacteria;Firmicutes;Bacilli;Bacillales;Paenibacillaceae;NA;0;0;0;0;0;0;0;0;0;0;0;0;2;0
98_112696;Bacteria;Firmicutes;Bacilli;Lactobacillales;Lactobacillaceae;Lactobacillus;0;0;0;0;0;0;0;0;0;0;0;0;3;0
98_1448;Bacteria;Firmicutes;Bacilli;Lactobacillales;Lactobacillaceae;Lactobacillus;0;0;0;0;0;0;0;0;0;0;1;0;10;0
98_1449;Bacteria;Firmicutes;Bacilli;Lactobacillales;NA;NA;0;0;0;0;0;0;0;0;0;0;1;0;1;0
98_1449;Bacteria;Firmicutes;Bacilli;NA;NA;NA;0;0;0;0;0;0;0;0;0;0;0;0;2;0
98_1449;Bacteria;NA;NA;NA;NA;NA;0;0;0;0;0;0;0;0;0;0;0;0;2;0
98_1955;Bacteria;Firmicutes;Bacilli;Lactobacillales;Lactobacillaceae;Lactobacillus;0;0;0;0;0;0;0;0;0;0;1;0;5;0
98_20161;Eukaryota;Mucoromycota;Mucorales;Mucorales;NA;NA;0;0;0;0;0;0;0;0;0;0;6;0;72;0
98_20161;Eukaryota;NA;NA;NA;NA;NA;0;0;0;0;0;0;0;0;0;0;0;0;4;0
98_22482;Eukaryota;NA;NA;NA;NA;NA;0;0;0;0;0;0;0;0;0;0;2;0;0;0
98_313;Bacteria;Firmicutes;Clostridia;Clostridiales;Clostridiaceae;Clostridium;0;0;0;0;0;0;0;0;0;0;2;0;4;0
98_541;Bacteria;Firmicutes;Bacilli;Lactobacillales;Lactobacillaceae;Pediococcus;0;0;0;0;0;0;0;0;0;0;8;0;59;0
98_7410;Bacteria;Firmicutes;Bacilli;Lactobacillales;Lactobacillaceae;Lactobacillus;0;0;0;0;0;0;0;0;0;0;0;0;22;12
98_839;Bacteria;Firmicutes;Bacilli;Lactobacillales;Lactobacillaceae;Lactobacillus;0;0;0;0;0;0;0;0;0;0;1;0;1;0
98_848;Bacteria;Firmicutes;Bacilli;Lactobacillales;Streptococcaceae;Streptococcus;0;0;0;0;0;0;0;0;0;0;1;0;2;0
98_2160;Bacteria;Firmicutes;Bacilli;Lactobacillales;Lactobacillaceae;Lactobacillus;0;0;0;0;0;0;0;0;0;0;0;1;3;0
98_125;Bacteria;Firmicutes;Bacilli;Lactobacillales;Streptococcaceae;Streptococcus;0;0;0;0;0;0;0;0;0;0;0;0;12;0
98_1476;Bacteria;Actinobacteria;Actinobacteria;Bifidobacteriales;Bifidobacteriaceae;Bifidobacterium;0;0;0;0;0;0;0;0;0;0;0;0;2;0
98_161198;Bacteria;Firmicutes;Bacilli;Bacillales;Bacillaceae;Bacillus;0;0;0;0;0;0;0;0;0;0;0;0;3;0
98_16627;Bacteria;Firmicutes;Bacilli;Bacillales;Planococcaceae;Solibacillus;0;0;0;0;0;0;0;0;0;0;0;0;2;0
98_177;Bacteria;Firmicutes;Bacilli;Bacillales;Bacillaceae;Bacillus;0;0;0;0;0;0;0;0;0;0;0;0;4;0
98_201;Bacteria;Firmicutes;Bacilli;Lactobacillales;Lactobacillaceae;Pediococcus;0;0;0;0;0;0;0;0;0;0;0;0;2;0
98_4999;Bacteria;Firmicutes;Bacilli;Lactobacillales;Lactobacillaceae;Lactobacillus;0;0;0;0;0;0;0;0;0;0;0;0;8;2
98_5091;Bacteria;Firmicutes;Clostridia;Clostridiales;Peptococcaceae;Desulfotomaculum;0;0;0;0;0;0;0;0;0;0;0;0;2;0
98_5189;Bacteria;Firmicutes;Bacilli;Bacillales;Bacillaceae;Bacillus;0;0;0;0;0;0;0;0;0;0;0;0;2;0
98_5333;Bacteria;Firmicutes;Bacilli;Lactobacillales;Lactobacillaceae;Lactobacillus;0;0;0;0;0;0;0;0;0;0;0;0;1;1
98_6020;Bacteria;Firmicutes;Bacilli;Lactobacillales;Lactobacillaceae;Lactobacillus;0;0;0;0;0;0;0;0;0;0;0;0;2;0
98_62134;Bacteria;Firmicutes;Bacilli;Bacillales;Sporolactobacillaceae;[Bacillus]selenitireducens;0;0;0;0;0;0;0;0;0;0;0;0;2;0
98_6859;Bacteria;Firmicutes;Bacilli;Lactobacillales;Lactobacillaceae;Lactobacillus;0;0;0;0;0;0;0;0;0;0;0;0;2;0
98_736;Bacteria;Firmicutes;Bacilli;Bacillales;Bacillaceae;NA;0;0;0;0;0;0;0;0;0;0;0;0;2;0
98_887;Bacteria;Firmicutes;Bacilli;Lactobacillales;Lactobacillaceae;Lactobacillus;0;0;0;0;0;0;0;0;0;0;0;0;18;2
98_905;Bacteria;Firmicutes;Bacilli;Bacillales;Planococcaceae;Solibacillus;0;0;0;0;0;0;0;0;0;0;0;0;3;0
98_68909;Bacteria;NA;NA;NA;NA;NA;0;0;0;0;0;0;0;0;0;0;0;0;0;3